Der Techniker sagte dem Kunden, dass er mit Bargeld bezahlen könne.
Der Techniker sagte der Kundin, dass sie mit Bargeld bezahlen könne.
Der Techniker sagte dem Kunden, dass er mit Bargeld bezahlen könne.
Der Techniker sagte jemandem, dass er mit Bargeld bezahlen könne.
Der Techniker sagte jemandem, dass sie mit Bargeld bezahlen könne.
Der Techniker sagte jemandem, dass er mit Bargeld bezahlen könne.
Der Techniker teilte dem Kunden mit, dass er die Reparatur abgeschlossen habe.
Die Technikerin teilte der Kundin mit, dass sie die Reparatur abgeschlossen habe.
Der Techniker teilte dem Kunden mit, dass er die Reparatur abgeschlossen habe.
Der Techniker sagte jemandem, dass er die Reparatur abgeschlossen habe.
Die Technikerin erzählte jemandem, dass sie die Reparatur abgeschlossen habe.
Der Techniker sagte jemandem, dass sie die Reparatur abgeschlossen hätten.
Der Steuerzahler traf sich mit dem Buchhalter, um Hilfe bei der Steuererklärung zu erhalten.
Die Steuerzahlerin traf sich mit dem Buchhalter, um Hilfe bei der Steuererklärung zu erhalten.
Der Steuerzahler traf sich mit dem Buchhalter, um Hilfe bei der Steuererklärung zu erhalten.
 Jemand traf sich mit dem Buchhalter, um Hilfe bei der Steuererklärung zu erhalten.
 Jemand traf sich mit der Buchhalterin, um Hilfe bei der Steuererklärung zu erhalten.
  Jemand traf sich mit dem Buchhalter, um Hilfe bei der Steuererklärung zu erhalten.
Der Steuerpflichtige traf sich mit dem Steuerberater, um herauszufinden, ob er bei der Steuervorbereitung helfen kann.
Der Steuerzahler traf sich mit der Buchhalterin, um herauszufinden, ob sie bei der Steuervorbereitung helfen kann.
Der Steuerzahler traf sich mit dem Buchhalter, um herauszufinden, ob er bei der Steuervorbereitung helfen kann.
 Jemand traf sich mit dem Buchhalter, um herauszufinden, ob er bei der Steuervorbereitung helfen kann.
 Jemand traf sich mit der Buchhalterin, um herauszufinden, ob sie bei der Steuervorbereitung helfen könnte.
  Jemand traf sich mit dem Buchhalter, um herauszufinden, ob er bei der Steuervorbereitung helfen kann.
Der Vorgesetzte gab dem Mitarbeiter ein Feedback zu seiner herausragenden Leistung.
Der Vorgesetzte gab der Mitarbeiterin ein Feedback zu ihrer herausragenden Leistung.
Der Vorgesetzte gab dem Mitarbeiter ein Feedback zu seiner herausragenden Leistung.
Der Vorgesetzte gab jemandem ein Feedback zu seiner herausragenden Leistung.
Der Vorgesetzte gab jemandem ein Feedback zu ihrer herausragenden Leistung.
Der Vorgesetzte gab jemandem ein Feedback zu seiner herausragenden Leistung.
Der Mitarbeiter gab dem Vorgesetzten eine Rückmeldung zu seinem Führungsstil.
Die Mitarbeiterin gab dem Vorgesetzten eine Rückmeldung zu ihrem Führungsstil.
Der Mitarbeiter gab dem Vorgesetzten eine Rückmeldung zu seinem Führungsstil.
 Jemand gab dem Vorgesetzten eine Rückmeldung zu seinem Führungsstil.
 Jemand gab der Vorgesetzten eine Rückmeldung zu ihrem Führungsstil.
  Jemand gab dem Vorgesetzten Feedback zu seinem Führungsstil.
Der Ingenieur teilte dem Kunden mit, dass er mehr Zeit benötigen würde, um das Projekt abzuschließen.
Die Ingenieurin teilte dem Kunden mit, dass sie mehr Zeit benötigen würde, um das Projekt abzuschließen.
Der Ingenieur teilte dem Kunden mit, dass er mehr Zeit benötigen würde, um das Projekt abzuschließen.
Der Ingenieur teilte jemandem mit, dass er mehr Zeit benötigen würde, um das Projekt abzuschließen.
Die Ingenieurin teilte jemandem mit, dass sie mehr Zeit benötigen würde, um das Projekt abzuschließen.
Der Ingenieur teilte jemandem mit, dass er mehr Zeit benötigen würde, um das Projekt abzuschließen.
Der Ingenieur teilte dem Kunden mit, dass er alle zukünftigen Zahlungen pünktlich leisten müsse.
Der Ingenieur teilte dem Kunden mit, dass er alle zukünftigen Zahlungen pünktlich leisten müsse.
Der Ingenieur informierte den Kunden, dass er alle zukünftigen Zahlungen pünktlich leisten müsse.
Der Ingenieur teilte jemandem mit, dass er alle zukünftigen Zahlungen pünktlich leisten müsse.
Der Ingenieur informierte jemanden, dass sie alle zukünftigen Zahlungen pünktlich leisten müsse.
Der Ingenieur informierte jemanden, dass er alle zukünftigen Zahlungen pünktlich leisten müsse.
Der Arbeiter sagte dem Fußgänger, er solle den gesperrten Teil der Straße meiden.
Der Arbeiter sagte der Fußgängerin, sie solle den gesperrten Teil der Straße meiden.
Der Arbeiter sagte dem Fußgänger, dass er den gesperrten Teil der Straße meiden solle.
Der Arbeiter sagte jemandem, er solle den gesperrten Teil der Straße meiden.
Die Arbeiterin sagte zu jemandem, sie solle den gesperrten Teil der Straße meiden.
Der Arbeiter sagte zu jemandem, dass er den gesperrten Teil der Straße meiden solle.
Der Arbeiter sagte dem Fußgänger, dass er den Bürgersteig so schnell wie möglich reparieren werde.
Die Arbeiterin sagte der Fußgängerin, dass sie den Bürgersteig so schnell wie möglich reparieren würde.
Der Arbeiter sagte dem Fußgänger, dass sie den Bürgersteig so schnell wie möglich reparieren würden.
Der Arbeiter erzählte jemandem, dass er den Bürgersteig so schnell wie möglich reparieren würde.
Die Arbeiterin erzählte jemandem, dass sie den Bürgersteig so schnell wie möglich reparieren würde.
Der Arbeiter sagte jemandem, dass sie den Bürgersteig so schnell wie möglich reparieren würden.
Der Pädagoge traf sich mit einem Schüler, um über seine Schreibfähigkeiten zu sprechen.
Die Pädagogin traf sich mit einer Schülerin, um über ihre Schreibfähigkeiten zu sprechen.
Der Pädagoge traf sich mit einem Schüler, um über seine Schreibfähigkeiten zu sprechen.
Der Pädagoge traf sich mit jemandem, um über seine Schreibfähigkeiten zu sprechen.
Die Pädagogin traf sich mit jemandem, um über ihre Schreibfähigkeiten zu sprechen.
Der Pädagoge traf sich mit jemandem, um über seine Schreibfähigkeiten zu sprechen.
Der Pädagoge traf sich mit einem Schüler, um seine Benotungspolitik zu besprechen.
Die Pädagogin traf sich mit einer Schülerin, um ihre Benotungspolitik zu besprechen.
Der Pädagoge traf sich mit einem Schüler, um seine Benotungspolitik zu besprechen.
Der Pädagoge traf sich mit jemandem, um seine Benotungspolitik zu besprechen.
Die Pädagogin traf sich mit jemandem, um ihre Benotungspolitik zu besprechen.
Der Pädagoge traf sich mit jemandem, um seine Benotungspolitik zu besprechen.
Der Angestellte gab dem Kunden Papiere, die er ausfüllen sollte.
Die Verkäuferin gab der Kundin Papierkram, die sie ausfüllen sollte.
Der Verkäufer stellte dem Kunden Unterlagen zum Ausfüllen zur Verfügung.
Der Angestellte gab jemandem Papierkram, den er ausfüllen sollte.
Der Angestellte gab jemandem Papierkram, den sie ausfüllen sollte.
Der Angestellte gab jemandem Papierkram, den sie ausfüllen sollten.
Der Angestellte stellte dem Kunden die Unterlagen zur Verfügung, die er nach Fertigstellung an ihn zurücksenden sollte.
Der Verkäufer stellte der Kundin Unterlagen zur Verfügung, die sie nach Fertigstellung an sie zurücksenden sollte.
Der Verkäufer stellte dem Kunden Unterlagen zur Verfügung, die er nach Fertigstellung an ihn zurücksenden sollte.
Der Angestellte gab jemandem Papierkram, der ihm nach Fertigstellung zurückgegeben werden sollte.
Der Angestellte stellte jemandem Papierkram zur Verfügung, der ihr nach Fertigstellung zurückgegeben werden sollte.
Der Angestellte stellte jemandem Papierkram zur Verfügung, der nach Fertigstellung an ihn zurückgeschickt werden sollte.
Der Berater teilte dem Patienten mit, dass er beruflich beauftragt sei, bestimmte Probleme zu melden.
Die Beraterin teilte der Patientin mit, dass sie beruflich beauftragt sei, bestimmte Probleme zu melden.
Der Berater teilte dem Patienten mit, dass er professionell beauftragt war, bestimmte Probleme zu melden.
Der Berater teilte jemandem mit, dass er beruflich beauftragt war, bestimmte Probleme zu melden.
Die Beraterin teilte jemandem mit, dass sie professionell beauftragt war, bestimmte Probleme zu melden.
Der Berater teilte jemandem mit, dass er professionell beauftragt sei, bestimmte Probleme zu melden.
Der Patient teilte dem Berater mit, dass er in der Vergangenheit Drogen missbraucht hatte.
Die Patientin teilte dem Berater mit, dass sie in der Vergangenheit Drogenmissbrauch hatte.
Der Patient teilte dem Berater mit, dass er in der Vergangenheit Drogenmissbrauch hatte.
 Jemand offenbarte dem Berater, dass er in der Vergangenheit Drogen missbraucht hatte.
 Jemand teilte der Beraterin mit, dass sie in der Vergangenheit Drogen missbraucht hatte.
 Jemand offenbarte dem Berater, dass er in der Vergangenheit Drogen missbraucht hatte.
Der Hausbesitzer fragte den Inspektor, ob das Haus, das er gekauft hatte, baulich in Ordnung sei.
Die Hausbesitzerin fragte den Inspektor, ob das Haus, das sie gekauft hatte, baulich in Ordnung sei.
Der Hausbesitzer fragte den Inspektor, ob das Haus, das er gekauft hatte, baulich in Ordnung sei.
 Jemand fragte den Inspektor, ob das Haus, das er gekauft hatte, baulich in Ordnung sei.
 Jemand fragte die Inspektorin, ob das Haus, das sie gekauft hatte, baulich in Ordnung sei.
 Jemand fragte den Inspektor, ob das Haus, das sie gekauft hatten, baulich in Ordnung sei.
Der Hausbesitzer fragte den Inspektor, ob er Verstöße gegen die Bauvorschriften festgestellt habe.
Die Hausbesitzerin fragte die Inspektorin, ob sie Verstöße gegen die Bauvorschriften festgestellt habe.
Der Hausbesitzer fragte den Inspektor, ob er Verstöße gegen die Bauvorschriften festgestellt habe.
 Jemand fragte den Inspektor, ob er Verstöße gegen die Bauvorschriften festgestellt habe.
 Jemand fragte die Inspektorin, ob sie Verstöße gegen die Bauvorschriften festgestellt habe.
 Jemand fragte den Inspektor, ob sie Verstöße gegen die Bauvorschriften festgestellt hätten.
Der Mechaniker rief an, um den Kunden darüber zu informieren, dass sein Auto am Morgen fertig sein würde.
Der Mechaniker rief an, um die Kundin darüber zu informieren, dass ihr Auto am Morgen fertig sein würde.
Der Mechaniker rief an, um den Kunden darüber zu informieren, dass sein Auto am Morgen fertig sein würde.
Der Mechaniker rief an, um jemanden darüber zu informieren, dass sein Auto am Morgen fertig sein würde.
Der Mechaniker rief an, um jemanden darüber zu informieren, dass ihr Auto am Morgen fertig sein würde.
Der Mechaniker rief an, um jemanden darüber zu informieren, dass sein Auto am Morgen fertig sein würde.
Der Mechaniker rief an, um den Kunden darüber zu informieren, dass er die Reparatur abgeschlossen hatte.
Der Mechaniker rief an, um die Kundin darüber zu informieren, dass sie die Reparatur abgeschlossen hatte.
Der Mechaniker rief an, um den Kunden darüber zu informieren, dass er die Reparatur abgeschlossen hatte.
Der Mechaniker rief an, um jemanden darüber zu informieren, dass er die Reparatur abgeschlossen hatte.
Die Mechanikerin rief an, um jemanden darüber zu informieren, dass sie die Reparatur abgeschlossen hatte.
Der Mechaniker rief an, um jemanden darüber zu informieren, dass er die Reparatur abgeschlossen hatte.
Der Kunde bat darum, mit dem Manager zu sprechen, da er in der Lage wäre, den Abrechnungsfehler zu beheben.
Der Kunde bat darum, mit der Managerin zu sprechen, da sie den Abrechnungsfehler beheben könnte.
Der Kunde bat darum, mit dem Manager zu sprechen, da er den Abrechnungsfehler beheben könnte.
  Jemand bat darum, mit dem Manager zu sprechen, weil er in der Lage wäre, den Abrechnungsfehler zu beheben.
 Jemand bat darum, mit der Managerin zu sprechen, weil sie in der Lage wäre, den Abrechnungsfehler zu beheben.
 Jemand bat darum, mit dem Manager zu sprechen, weil er in der Lage wäre, den Abrechnungsfehler zu beheben.
Der Kunde bat darum, mit dem Manager zu sprechen, weil er den Abrechnungsfehler schnell beheben wollte.
Die Kundin bat um ein Gespräch mit dem Manager, weil sie den Abrechnungsfehler schnell beheben wollte.
Der Kunde bat darum, mit dem Manager zu sprechen, weil er den Abrechnungsfehler schnell beheben wollte.
  Jemand bat darum, mit dem Manager zu sprechen, weil er den Abrechnungsfehler schnell beheben wollte.
 Jemand bat um ein Gespräch mit der Managerin, weil sie den Abrechnungsfehler schnell beheben wollte.
 Jemand bat darum, mit dem Manager zu sprechen, weil er den Abrechnungsfehler schnell beheben wollte.
Der Jugendliche vertraute sich dem Therapeuten an, weil er vertrauenswürdig wirkte.
Die Jugendliche vertraute sich der Therapeutin an, weil sie vertrauenswürdig wirkte.
Der Teenager vertraute sich dem Therapeuten an, weil sie vertrauenswürdig schienen.
 Jemand vertraute sich dem Therapeuten an, weil er vertrauenswürdig schien.
 Jemand vertraute sich der Therapeutin an, weil sie vertrauenswürdig schien.
 Jemand vertraute sich dem Therapeuten an, weil er vertrauenswürdig schien.
Der Teenager vertraute sich dem Therapeuten an, weil er emotionale Unterstützung suchte.
Die Jugendliche vertraute sich der Therapeutin an, weil sie emotionale Unterstützung suchte.
Der Teenager vertraute sich dem Therapeuten an, weil er emotionale Unterstützung suchte.
 Jemand vertraute sich dem Therapeuten an, weil er emotionale Unterstützung suchte.
 Jemand vertraute sich der Therapeutin an, weil sie emotionale Unterstützung suchte.
 Jemand vertraute sich dem Therapeuten an, weil er emotionale Unterstützung suchte.
Der Student überreichte dem Verwalter eine Petition, die er organisiert hatte.
Die Studentin überreichte dem Verwalter eine Petition, die sie organisiert hatte.
Der Student überreichte dem Verwalter eine Petition, die er organisiert hatte.
  Jemand überreichte dem Verwalter eine Petition, die er organisiert hatte.
  Jemand überreichte der Verwalterin eine Petition, die sie organisiert hatte.
  Jemand überreichte dem Verwalter eine Petition, die sie organisiert hatten.
Der Student legte dem Verwalter eine Petition vor, von der er nichts gewusst hatte.
Die Studentin legte dem Verwalter eine Petition vor, von der sie nichts gewusst hatte.
Der Student legte dem Verwalter eine Petition vor, von der er nichts gewusst hatte.
  Jemand überreichte dem Verwalter eine Petition, von der er nichts gewusst hatte.
  Jemand überreichte der Verwalterin eine Petition, von der sie nichts gewusst hatte.
  Jemand überreichte dem Verwalter eine Petition, von der er nichts gewusst hatte.
Der Kunde fragte den Verkäufer, ob er die Preisgestaltung der einzelnen Produkte erklären könne.
Die Kundin fragte die Verkäuferin, ob sie die Preisgestaltung für jedes Produkt erklären könne.
Der Kunde fragte den Verkäufer, ob er die Preisgestaltung für jedes Produkt erklären könnte.
 Jemand fragte den Verkäufer, ob er die Preisgestaltung für jedes Produkt erklären könne.
  Jemand fragte die Verkäuferin, ob sie die Preisgestaltung für jedes Produkt erklären könnte.
  Jemand fragte den Verkäufer, ob er die Preisgestaltung der einzelnen Produkte erklären könnte.
Der Kunde fragte den Verkäufer, ob er Anspruch auf einen zusätzlichen Rabatt habe.
Die Kundin fragte die Verkäuferin, ob sie Anspruch auf einen zusätzlichen Rabatt habe.
Der Kunde fragte den Verkäufer, ob er Anspruch auf einen zusätzlichen Rabatt habe.
 Jemand fragte den Verkäufer, ob er Anspruch auf einen zusätzlichen Rabatt habe.
  Jemand fragte die Verkäuferin, ob sie Anspruch auf einen zusätzlichen Rabatt habe.
  Jemand fragte den Verkäufer, ob er Anspruch auf einen zusätzlichen Rabatt habe.
Der Besucher fragte die Rezeptionistin, ob er sich anmelden müsse.
Die Besucherin fragte die Rezeptionistin, ob sie sich anmelden müsse.
Der Besucher fragte die Rezeptionistin, ob er sich anmelden müsse.
 Jemand fragte die Rezeptionistin, ob er sich anmelden müsse.
  Jemand fragte die Rezeptionistin, ob sie sich anmelden müsse.
  Jemand fragte die Rezeptionistin, ob sie sich anmelden müssten.
Der Besucher fragte die Rezeptionistin, ob er abschätzen könne, wie lange die Wartezeit sein würde.
Die Besucherin fragte die Rezeptionistin, ob sie abschätzen könne, wie lange die Wartezeit sein würde.
Der Besucher fragte die Rezeptionistin, ob sie abschätzen könnten, wie lange die Wartezeit sein würde.
 Jemand fragte die Rezeptionistin, ob er abschätzen könne, wie lange die Wartezeit sein würde.
  Jemand fragte die Rezeptionistin, ob sie abschätzen könne, wie lange die Wartezeit sein würde.
  Jemand fragte die Rezeptionistin, ob sie abschätzen könnten, wie lange die Wartezeit sein würde.
Die Bibliothekarin half dem Kind, ein Buch auszusuchen, weil es nicht wusste, was es lesen sollte.
Die Bibliothekarin half dem Kind, ein Buch auszusuchen, weil es nicht wusste, was es lesen sollte.
Die Bibliothekarin half dem Kind, ein Buch auszusuchen, weil es nicht wusste, was es lesen sollte.
Der Bibliothekar half jemandem, ein Buch auszusuchen, weil er nicht wusste, was er lesen sollte.
Die Bibliothekarin half jemandem, ein Buch auszusuchen, weil sie nicht wusste, was sie lesen sollte.
Der Bibliothekar half jemandem, ein Buch auszusuchen, weil er nicht wusste, was er lesen sollte.
Der Bibliothekar half dem Kind, ein Buch auszusuchen, weil er gerne zum Lesen anregte.
Die Bibliothekarin half dem Kind, ein Buch auszusuchen, weil sie gerne zum Lesen anregte.
Die Bibliothekarin half dem Kind, ein Buch auszusuchen, weil sie gerne zum Lesen anregten.
Der Bibliothekar half jemandem, ein Buch auszusuchen, weil er gerne zum Lesen anregte.
Die Bibliothekarin half jemandem, ein Buch auszusuchen, weil sie gerne zum Lesen anregte.
Der Bibliothekar half jemandem, ein Buch auszusuchen, weil er gerne zum Lesen anregte.
Der Berater traf sich mit dem Berater, weil er sich über Bewerbungen beraten lassen wollte.
Die Beraterin traf sich mit der Beraterin, weil sie sich über Bewerbungen beraten lassen wollte.
Der Berater traf sich mit dem Berater, weil er sich über Bewerbungen beraten lassen wollte.
Der Berater hat sich mit jemandem getroffen, weil er sich über Bewerbungen beraten lassen wollte.
Die Beraterin traf sich mit jemandem, weil sie sich bei Bewerbungen beraten lassen wollte.
Der Berater hat sich mit jemandem getroffen, weil er sich über Bewerbungen beraten lassen wollte.
Der Berater traf sich mit dem Berater, weil er Ratschläge zu Bewerbungen geben wollte.
Die Beraterin traf sich mit der Beraterin, weil sie Ratschläge zu Bewerbungen geben wollte.
Der Berater traf sich mit dem Berater, weil er Ratschläge zu Bewerbungen geben wollte.
Der Berater traf sich mit jemandem, weil er Ratschläge zu Bewerbungen geben wollte.
Die Beraterin hat sich mit jemandem getroffen, weil sie Ratschläge zu Bewerbungen geben wollte.
Der Berater traf sich mit jemandem, weil er Ratschläge zu Bewerbungen geben wollte.
Der Apotheker sagte dem Patienten, dass er die Tabletten mit einer Mahlzeit einnehmen sollte.
Der Apotheker sagte der Patientin, dass sie die Pillen mit einer Mahlzeit einnehmen sollte.
Der Apotheker sagte dem Patienten, dass er die Pillen mit einer Mahlzeit einnehmen sollte.
Der Apotheker sagte jemandem, dass er die Pillen mit einer Mahlzeit einnehmen solle.
Die Apothekerin sagte jemandem, dass sie die Tabletten mit dem Essen einnehmen solle.
Der Apotheker sagte jemandem, dass er die Pillen mit dem Essen einnehmen sollte.
Der Apotheker teilte dem Patienten mit, dass er empfahl, die Pillen mit einer Mahlzeit einzunehmen.
Die Apothekerin teilte der Patientin mit, dass sie empfahl, die Pillen mit einer Mahlzeit einzunehmen.
Der Apotheker teilte dem Patienten mit, dass er empfahl, die Pillen mit einer Mahlzeit einzunehmen.
Der Apotheker erzählte jemandem, dass er empfahl, die Pillen mit einer Mahlzeit einzunehmen.
Die Apothekerin erzählte jemandem, dass sie empfahl, die Pillen mit einer Mahlzeit einzunehmen.
Der Apotheker erzählte jemandem, dass er empfahl, die Pillen mit einer Mahlzeit einzunehmen.
Der Hausmeister warnte das Kind davor, auf den nassen Boden zu treten, da es sonst stürzen und sich verletzen könnte.
Der Hausmeister warnte das Kind davor, auf den nassen Boden zu treten, da es sonst stürzen und sich verletzen könnte.
Der Hausmeister warnte das Kind davor, auf den nassen Boden zu treten, da es sonst stürzen und sich verletzen könnte.
Der Hausmeister warnte jemanden, nicht auf den nassen Boden zu treten, da er sonst stürzen und sich verletzen könnte.
Der Hausmeister warnte jemanden, nicht auf den nassen Boden zu treten, da sie sonst stürzen und sich verletzen könnte.
Der Hausmeister warnte jemanden, nicht auf den nassen Boden zu treten, da er sonst stürzen und sich verletzen könnte.
Der Hausmeister warnte das Kind davor, auf den nassen Boden zu treten, sonst müsste er ihn noch einmal aufwischen.
Der Hausmeister warnte das Kind davor, auf den nassen Boden zu treten, sonst müsste es ihn noch einmal aufwischen.
Der Hausmeister warnte das Kind davor, auf den nassen Boden zu treten, sonst müssten sie ihn noch einmal wischen.
Der Hausmeister warnte jemanden, den nassen Boden nicht zu betreten, sonst müsste er ihn noch einmal wischen.
Der Hausmeister warnte jemanden, nicht auf den nassen Boden zu treten, sonst müsste sie ihn noch einmal wischen.
Der Hausmeister warnte jemanden, nicht auf den nassen Boden zu treten, sonst müssten sie ihn noch einmal wischen.
Der Psychologe forderte den Patienten auf, einen Fragebogen auszufüllen, damit er eine erste Beurteilung vornehmen könne.
Der Psychologe forderte die Patientin auf, einen Fragebogen auszufüllen, damit sie eine erste Einschätzung vornehmen konnte.
Der Psychologe forderte den Patienten auf, einen Fragebogen auszufüllen, damit er eine vorläufige Beurteilung vornehmen könne.
Der Psychologe riet jemandem, einen Fragebogen auszufüllen, damit er eine vorläufige Einschätzung vornehmen könne.
Die Psychologin riet jemandem, einen Fragebogen auszufüllen, damit sie eine vorläufige Einschätzung vornehmen könne.
Der Psychologe riet jemandem, einen Fragebogen auszufüllen, damit er eine vorläufige Einschätzung vornehmen könne.
Der Psychologe forderte den Patienten auf, einen Fragebogen auszufüllen, damit er schnell beurteilt werden konnte.
Der Psychologe forderte die Patientin auf, einen Fragebogen auszufüllen, damit sie schnell beurteilt werden konnte.
Der Psychologe forderte den Patienten auf, einen Fragebogen auszufüllen, damit er schnell beurteilt werden konnte.
Der Psychologe riet jemandem, einen Fragebogen auszufüllen, damit er schnell beurteilt werden konnte.
Der Psychologe riet jemandem, einen Fragebogen auszufüllen, damit sie schnell beurteilt werden konnte.
Der Psychologe riet jemandem, einen Fragebogen auszufüllen, damit er schnell beurteilt werden konnte.
Der Arzt warnte den Patienten, dass er sich mehr ausruhen müsse.
Der Arzt warnte die Patientin, dass sie sich mehr ausruhen müsse.
Der Arzt warnte den Patienten, dass er sich mehr ausruhen müsse.
Der Arzt warnte jemanden, dass er sich mehr ausruhen müsse.
Der Arzt warnte jemanden, dass sie sich mehr ausruhen müsse.
Der Arzt warnte jemanden, dass er sich mehr ausruhen müsse.
Der Arzt warnte den Patienten, dass er eine höhere Dosis nicht sicher verschreiben könne.
Die Ärztin warnte die Patientin, dass sie eine höhere Dosis nicht sicher verschreiben könne.
Der Arzt warnte den Patienten, dass er eine höhere Dosis nicht sicher verschreiben könne.
Der Arzt warnte jemanden, dass er eine höhere Dosis nicht sicher verschreiben könne.
Die Ärztin warnte jemanden, dass sie eine höhere Dosis nicht sicher verschreiben könne.
Der Arzt warnte jemanden, dass er eine höhere Dosis nicht sicher verschreiben könne.
Der Zimmermann sagte dem Zuschauer, dass er mindestens einen Meter von der Baustelle entfernt stehen müsse.
Der Zimmermann sagte der Zuschauerin, dass sie mindestens einen Meter von der Baustelle entfernt stehen müsse.
Der Zimmermann sagte dem Zuschauer, dass sie mindestens einen Meter von der Baustelle entfernt stehen müssten.
Der Zimmermann sagte jemandem, dass er mindestens einen Meter von der Baustelle entfernt stehen müsse.
Der Zimmermann sagte jemandem, dass sie mindestens einen Meter von der Baustelle entfernt stehen müsse.
Der Zimmermann sagte jemandem, dass sie mindestens einen Meter von der Baustelle entfernt stehen müssten.
Der Schreiner erzählte dem Zuschauer, dass er seit drei Wochen an dem Haus gearbeitet habe.
Die Zimmerfrau erzählte dem Zuschauer, dass sie seit drei Wochen an dem Haus gearbeitet habe.
Der Schreiner erzählte dem Zuschauer, dass sie seit drei Wochen an dem Haus gearbeitet hätten.
Der Schreiner erzählte jemandem, dass er drei Wochen lang an dem Haus gearbeitet hatte.
Die Zimmerfrau erzählte jemandem, dass sie seit drei Wochen an dem Haus arbeitet.
Der Schreiner erzählte jemandem, dass sie seit drei Wochen an dem Haus gearbeitet hätten.
Die Krankenschwester teilte dem Patienten mit, dass seine Schicht in einer Stunde enden würde.
Die Krankenschwester teilte der Patientin mit, dass ihre Schicht in einer Stunde enden würde.
Die Krankenschwester teilte dem Patienten mit, dass seine Schicht in einer Stunde enden würde.
Die Krankenschwester teilte jemandem mit, dass seine Schicht in einer Stunde enden würde.
Die Krankenschwester teilte jemandem mit, dass ihre Schicht in einer Stunde enden würde.
Die Krankenschwester benachrichtigte jemanden, dass ihre Schicht in einer Stunde enden würde.
Die Krankenschwester teilte dem Patienten mit, dass ihm in einer Stunde Blut abgenommen werden würde.
Die Krankenschwester teilte der Patientin mit, dass ihr in einer Stunde Blut abgenommen werden würde.
Die Krankenschwester teilte dem Patienten mit, dass ihm in einer Stunde Blut abgenommen werden würde.
Die Krankenschwester benachrichtigte jemanden, dass ihm in einer Stunde Blut abgenommen werden würde.
Die Krankenschwester teilte jemandem mit, dass ihr in einer Stunde Blut abgenommen werden würde.
Die Krankenschwester benachrichtigte jemanden, dass ihm in einer Stunde Blut abgenommen werden würde.
Der Ermittler wollte den Zeugen persönlich befragen, aber er war nicht erreichbar.
Der Ermittler wollte die Zeugin persönlich befragen, aber sie war nicht erreichbar.
Der Ermittler wollte den Zeugen persönlich befragen, aber er war nicht erreichbar.
Der Ermittler wollte jemanden persönlich befragen, aber er war nicht erreichbar.
Der Ermittler wollte jemanden persönlich befragen, aber sie war nicht erreichbar.
Der Ermittler wollte jemanden persönlich befragen, aber er war nicht erreichbar.
Der Ermittler wollte den Zeugen persönlich befragen, aber er konnte sich nicht melden.
Der Ermittler wollte die Zeugin persönlich befragen, aber sie konnte sich nicht melden.
Der Ermittler wollte den Zeugen persönlich befragen, aber es gelang ihm nicht, Kontakt aufzunehmen.
Der Ermittler wollte jemanden persönlich befragen, aber er konnte sich nicht melden.
Der Ermittler wollte jemanden persönlich befragen, aber sie konnte sich nicht melden.
Der Ermittler wollte jemanden persönlich befragen, aber er konnte sich nicht melden.
Der Kunde gab dem Barkeeper ein großes Trinkgeld, weil er großzügig war.
Die Kundin gab der Barkeeperin ein großes Trinkgeld, weil sie großzügig war.
Der Kunde gab dem Barkeeper ein großes Trinkgeld, weil er sich großzügig fühlte.
 Jemand hat dem Barkeeper ein großes Trinkgeld gegeben, weil er großzügig war.
 Jemand hat der Barkeeperin ein großes Trinkgeld gegeben, weil sie großzügig war.
 Jemand hat dem Barkeeper ein großes Trinkgeld gegeben, weil er großzügig war.
Der Kunde gab dem Barkeeper ein großes Trinkgeld, weil er das Getränk sehr stark gemacht hatte.
Die Kundin gab der Barkeeperin ein großes Trinkgeld, weil sie das Getränk sehr stark gemacht hatte.
Der Kunde gab dem Barkeeper ein großes Trinkgeld, weil sie das Getränk sehr stark gemacht hatten.
 Jemand hat dem Barkeeper ein großes Trinkgeld gegeben, weil er den Drink sehr stark gemacht hatte.
 Jemand hat der Barkeeperin ein großes Trinkgeld gegeben, weil sie den Drink sehr stark gemacht hatte.
 Jemand hat dem Barkeeper ein großes Trinkgeld gegeben, weil sie den Drink sehr stark gemacht hatten.
Der Patient wurde an den Spezialisten überwiesen, weil er an einer seltenen Hauterkrankung litt.
Die Patientin wurde an den Spezialisten überwiesen, weil sie an einer seltenen Hauterkrankung litt.
Der Patient wurde an den Spezialisten überwiesen, weil er eine seltene Hauterkrankung hatte.
 Jemand wurde an den Spezialisten überwiesen, weil er eine seltene Hauterkrankung hatte.
 Jemand wurde an den Spezialisten überwiesen, weil sie eine seltene Hauterkrankung hatte.
  Jemand wurde an den Spezialisten überwiesen, weil er eine seltene Hauterkrankung hatte.
Der Patient wurde an den Spezialisten überwiesen, weil er Kenntnisse über seltene Hauterkrankungen hatte.
Die Patientin wurde an den Spezialisten überwiesen, da sie über Kenntnisse über seltene Hauterkrankungen verfügte.
Der Patient wurde an den Spezialisten überwiesen, weil er über Kenntnisse über seltene Hauterkrankungen verfügte.
 Jemand wurde an den Spezialisten überwiesen, weil er sich mit seltenen Hauterkrankungen auskannte.
 Jemand wurde an den Spezialisten überwiesen, weil er sich mit seltenen Hauterkrankungen auskannte.
  Jemand wurde an den Spezialisten überwiesen, weil er sich mit seltenen Hauterkrankungen auskannte.
Der Elektriker warnte den Hausbesitzer davor, selbst etwas neu zu verkabeln.
Der Elektriker warnte die Hausbesitzerin davor, selbst etwas neu zu verkabeln.
Der Elektriker warnte den Hausbesitzer davor, selbst etwas neu zu verkabeln.
Der Elektriker warnte jemanden davor, zu versuchen, etwas selbst neu zu verkabeln.
Der Elektriker warnte jemanden, nicht zu versuchen, selbst etwas neu zu verkabeln.
Der Elektriker warnte jemanden, nicht zu versuchen, etwas selbst neu zu verkabeln.
Der Elektriker warnte den Hausbesitzer, dass er möglicherweise einen zusätzlichen Tag benötigen würde, um die Neuverkabelung des Hauses abzuschließen.
Der Elektriker warnte die Hausbesitzerin, dass sie möglicherweise einen zusätzlichen Tag benötigen würde, um die Neuverkabelung des Hauses abzuschließen.
Der Elektriker warnte den Hausbesitzer, dass er möglicherweise einen zusätzlichen Tag benötigen würde, um die Neuverkabelung des Hauses abzuschließen.
Der Elektriker warnte jemanden, dass er möglicherweise einen zusätzlichen Tag brauchen würde, um die Neuverkabelung des Hauses abzuschließen.
Der Elektriker warnte jemanden, dass sie möglicherweise einen zusätzlichen Tag brauchen würde, um das Haus neu zu verkabeln.
Der Elektriker warnte jemanden, dass er möglicherweise einen zusätzlichen Tag brauchen würde, um die Neuverkabelung des Hauses abzuschließen.
Der Beamte verhaftete den Demonstranten, obwohl er nicht im Dienst war.
Der Beamte verhaftete die Demonstrantin, obwohl sie nicht im Dienst war.
Der Beamte verhaftete den Demonstranten, obwohl er nicht im Dienst war.
Der Beamte verhaftete jemanden, obwohl er nicht im Dienst war.
Der Beamte verhaftete jemanden, obwohl sie nicht im Dienst war.
Der Beamte verhaftete jemanden, obwohl er nicht im Dienst war.
Der Beamte verhaftete den Demonstranten, obwohl er nicht gewalttätig wurde.
Der Beamte verhaftete die Demonstrantin, obwohl sie nicht gewalttätig war.
Der Beamte verhaftete den Demonstranten, obwohl er nicht gewalttätig war.
Der Beamte verhaftete jemanden, obwohl er nicht gewalttätig war.
Der Beamte verhaftete jemanden, obwohl sie nicht gewalttätig war.
Der Beamte verhaftete jemanden, obwohl er nicht gewalttätig war.
Der Pathologe entnahm Gewebeproben des Opfers, um sie unter seinem Mikroskop zu betrachten.
Die Pathologin entnahm Gewebeproben des Opfers, um sie unter ihrem Mikroskop zu betrachten.
Der Pathologe entnahm dem Opfer Gewebeproben, die er unter dem Mikroskop betrachtete.
Der Pathologe entnahm von jemandem Gewebeproben, um sie unter seinem Mikroskop zu betrachten.
Die Pathologin entnahm Gewebeproben von jemandem, den sie unter ihrem Mikroskop betrachtete.
Der Pathologe erhielt Gewebeproben von jemandem, den er unter dem Mikroskop betrachtete.
Der Pathologe entnahm dem Opfer Gewebeproben, um die Todesursache zu bestimmen.
Der Pathologe entnahm dem Opfer Gewebeproben, um die Todesursache zu bestimmen.
Der Pathologe entnahm dem Opfer Gewebeproben, um die Todesursache zu bestimmen.
Der Pathologe entnahm von jemandem Gewebeproben, um die Ursache seines Todes zu bestimmen.
Der Pathologe entnahm von jemandem Gewebeproben, um die Todesursache zu bestimmen.
Der Pathologe entnahm Gewebeproben von jemandem, um die Todesursache zu bestimmen.
Der Schüler fragte den Lehrer, ob er eine Verlängerung der Aufgabe bekommen könnte.
Die Schülerin fragte die Lehrerin, ob sie eine Verlängerung der Aufgabe bekommen könnte.
Der Schüler fragte den Lehrer, ob er eine Verlängerung der Aufgabe bekommen könnte.
  Jemand fragte den Lehrer, ob er eine Verlängerung der Aufgabe bekommen könnte.
 Jemand fragte die Lehrerin, ob sie eine Verlängerung der Aufgabe bekommen könnte.
 Jemand fragte den Lehrer, ob er eine Verlängerung der Aufgabe bekommen könnte.
Der Schüler fragte den Lehrer, ob er eine Verlängerung der Aufgabe gewähren könne.
Die Schülerin fragte die Lehrerin, ob sie eine Verlängerung der Aufgabe gewähren könne.
Der Schüler fragte den Lehrer, ob er eine Verlängerung der Aufgabe gewähren könnte.
  Jemand fragte den Lehrer, ob er eine Verlängerung der Aufgabe gewähren könne.
 Jemand fragte die Lehrerin, ob sie eine Verlängerung der Aufgabe gewähren könnte.
 Jemand fragte den Lehrer, ob er eine Verlängerung der Aufgabe gewähren könnte.
Der Anwalt nahm den Zeugen ins Kreuzverhör, bis er unter dem Druck zusammenbrach.
Der Anwalt nahm die Zeugin ins Kreuzverhör, bis sie unter dem Druck zusammenbrach.
Der Anwalt nahm die Zeugen ins Kreuzverhör, bis sie unter dem Druck zusammenbrachen.
Der Anwalt nahm jemanden ins Kreuzverhör, bis er unter dem Druck zusammenbrach.
Der Anwalt nahm jemanden ins Kreuzverhör, bis sie unter dem Druck zusammenbrach.
Der Anwalt nahm jemanden ins Kreuzverhör, bis er unter dem Druck zusammenbrach.
Der Anwalt nahm den Zeugen ins Kreuzverhör, bis er mit den Fragen fertig war.
Der Anwalt nahm die Zeugin ins Kreuzverhör, bis sie mit den Fragen fertig war.
Der Anwalt nahm den Zeugen ins Kreuzverhör, bis er mit den Fragen fertig war.
Der Anwalt nahm jemanden ins Kreuzverhör, bis er fertig war, Fragen zu stellen.
Der Anwalt nahm jemanden ins Kreuzverhör, bis sie mit den Fragen fertig war.
Der Anwalt nahm jemanden ins Kreuzverhör, bis er fertig war, Fragen zu stellen.
Der Planer sprach mit dem Anwohner, der sagte, dass seine gesamte Gemeinde keinen Flughafen in der Nähe haben wolle.
Die Planerin sprach mit der Anwohnerin, die sagte, dass ihre gesamte Gemeinde keinen Flughafen in der Nähe haben wolle.
Der Planer sprach mit dem Anwohner, der sagte, dass seine gesamte Gemeinde keinen Flughafen in der Nähe haben wolle.
Der Planer sprach mit jemandem, der sagte, dass seine gesamte Gemeinde keinen Flughafen in der Nähe haben wolle.
Die Planerin sprach mit jemandem, der sagte, dass ihre gesamte Gemeinde keinen Flughafen in der Nähe haben wolle.
Der Planer sprach mit jemandem, der sagte, dass seine gesamte Gemeinde keinen Flughafen in der Nähe haben wolle.
Der Planer sprach mit dem Anwohner, der sagte, dass sein Vorschlag, einen neuen Flughafen zu bauen, auf heftigen Widerstand stoßen würde.
Die Planerin sprach mit der Anwohnerin, die sagte, dass ihr Vorschlag, einen neuen Flughafen zu bauen, auf heftigen Widerstand stoßen würde.
Der Planer sprach mit dem Anwohner, der sagte, dass ihr Vorschlag, einen neuen Flughafen zu bauen, auf heftigen Widerstand stoßen würde.
Der Planer sprach mit jemandem, der sagte, dass sein Vorschlag, einen neuen Flughafen zu bauen, auf heftigen Widerstand stoßen würde.
Die Planerin sprach mit jemandem, der sagte, dass ihr Vorschlag, einen neuen Flughafen zu bauen, auf heftigen Widerstand stoßen würde.
Der Planer sprach mit jemandem, der sagte, dass ihr Vorschlag, einen neuen Flughafen zu bauen, auf heftigen Widerstand stoßen würde.
Der Arzt machte einen Hausbesuch für den Patienten, weil er sich schwer krank fühlte.
Die Praktikerin machte einen Hausbesuch für die Patientin, weil sie sich schwer krank fühlte.
Der Arzt machte einen Hausbesuch für den Patienten, weil er sich schwer krank fühlte.
Der Praktizierende machte einen Hausbesuch für jemanden, weil er sich schwer krank fühlte.
Die Praktizierende machte einen Hausbesuch für jemanden, weil sie sich schwer krank fühlte.
Der Praktizierende machte einen Hausbesuch für jemanden, weil er sich schwer krank fühlte.
Der Behandler machte einen Hausbesuch für den Patienten, weil er sich verpflichtet fühlte.
Die Praktikerin machte einen Hausbesuch für die Patientin, weil sie sich verpflichtet fühlte.
Der Arzt machte einen Hausbesuch für den Patienten, weil er sich verpflichtet fühlte.
Der Praktizierende machte einen Hausbesuch für jemanden, weil er sich verpflichtet fühlte.
Die Praktizierende machte einen Hausbesuch für jemanden, weil sie sich verpflichtet fühlte.
Der Praktizierende machte einen Hausbesuch für jemanden, weil er sich verpflichtet fühlte.
Der Hausbesitzer rief den Klempner an, um einen Kostenvoranschlag für seine Dienstleistungen zu erhalten.
Die Hausbesitzerin rief den Klempner an, um einen Kostenvoranschlag für ihre Dienstleistungen zu erhalten.
Der Hausbesitzer rief den Klempner an, um einen Kostenvoranschlag für seine Dienstleistungen zu erhalten.
  Jemand rief den Klempner an, um einen Kostenvoranschlag für seine Dienstleistungen zu erhalten.
 Jemand rief den Klempner an, um einen Kostenvoranschlag für ihre Dienstleistungen zu erhalten.
 Jemand rief den Klempner an, um einen Kostenvoranschlag für seine Dienstleistungen zu erhalten.
Der Hausbesitzer rief den Klempner an, um einen Kostenvoranschlag für die Reparatur seiner kaputten Rohre zu erhalten.
Die Hausbesitzerin rief den Klempner an, um einen Kostenvoranschlag für die Reparatur ihrer kaputten Rohre zu erhalten.
Der Hausbesitzer rief den Klempner an, um einen Kostenvoranschlag für die Reparatur seiner kaputten Rohre zu erhalten.
  Jemand rief den Klempner an, um einen Kostenvoranschlag für die Reparatur seiner kaputten Rohre zu bekommen.
 Jemand rief den Klempner an, um einen Kostenvoranschlag für die Reparatur ihrer kaputten Rohre zu bekommen.
 Jemand rief den Klempner an, um einen Kostenvoranschlag für die Reparatur seiner kaputten Rohre zu erhalten.
Der Ausbilder ermutigte den Schüler, an seinen Hilfesitzungen teilzunehmen.
Der Lehrer ermutigte den Schüler, an ihren Hilfesitzungen teilzunehmen.
Der Dozent ermutigte den Schüler, an ihren Hilfesitzungen teilzunehmen.
Der Ausbilder ermutigte jemanden, an seinen Hilfesitzungen teilzunehmen.
Die Trainerin ermutigte jemanden, an ihren Hilfesitzungen teilzunehmen.
Der Dozent ermutigte jemanden, an seinen Hilfesitzungen teilzunehmen.
Der Lehrer ermutigte den Schüler, seine Träume zu verfolgen.
Der Lehrer ermutigte die Schülerin, ihre Träume zu verfolgen.
Der Lehrer ermutigte die Schüler, ihre Träume zu verfolgen.
Der Ausbilder ermutigte jemanden, seine Träume zu verfolgen.
Die Ausbilderin ermutigte jemanden, ihre Träume zu verfolgen.
Der Ausbilder ermutigte jemanden, seine Träume zu verfolgen.
Der Chirurg operierte das Kind mit großer Sorgfalt, sein Tumor war im Laufe der Zeit gewachsen.
Der Chirurg operierte das Kind mit großer Sorgfalt, ihr Tumor war im Laufe der Zeit gewachsen.
Der Chirurg operierte das Kind mit großer Sorgfalt, sein Tumor war im Laufe der Zeit gewachsen.
Der Chirurg operierte jemanden mit großer Sorgfalt, sein Tumor war im Laufe der Zeit gewachsen.
Der Chirurg operierte eine Person mit großer Sorgfalt, ihr Tumor war im Laufe der Zeit gewachsen.
Der Chirurg operierte jemanden mit großer Sorgfalt, dessen Tumor im Laufe der Zeit gewachsen war.
Der Chirurg operierte das Kind mit großer Sorgfalt, seine Zuneigung war mit der Zeit gewachsen.
Der Chirurg operierte das Kind mit großer Sorgfalt, ihre Zuneigung war im Laufe der Zeit gewachsen.
Der Chirurg operierte das Kind mit großer Sorgfalt, ihre Zuneigung war im Laufe der Zeit gewachsen.
Der Chirurg operierte jemanden mit großer Sorgfalt, seine Zuneigung war im Laufe der Zeit gewachsen.
Der Chirurg operierte jemanden mit großer Sorgfalt, ihre Zuneigung war im Laufe der Zeit gewachsen.
Der Chirurg operierte jemanden mit großer Sorgfalt, dessen Tumor im Laufe der Zeit gewachsen war.
Der Tierarzt informierte den Besitzer, dass seine Katze an Diabetes erkrankt sei.
Der Tierarzt informierte die Besitzerin, dass ihre Katze an Diabetes erkrankt sei.
Der Tierarzt informierte den Besitzer, dass seine Katze an Diabetes erkrankt war.
Der Tierarzt informierte jemanden, dass seine Katze an Diabetes erkrankt sei.
Der Tierarzt informierte jemanden, dass ihre Katze an Diabetes erkrankt war.
Der Tierarzt informierte jemanden, dass seine Katze an Diabetes erkrankt war.
Der Tierarzt teilte dem Besitzer mit, dass er Fäustlinge für einen Notfallbesuch aufnehmen könne.
Der Tierarzt teilte der Besitzerin mit, dass sie Fäustlinge für einen Notfallbesuch aufnehmen könne.
Der Tierarzt teilte dem Besitzer mit, dass er Fäustlinge für einen Notfallbesuch aufnehmen könne.
Der Tierarzt informierte jemanden, dass er Fäustlinge für einen Notfallbesuch aufnehmen könne.
Die Tierärztin informierte jemanden, dass sie Fäustlinge für einen Notfallbesuch aufnehmen könne.
Der Tierarzt informierte jemanden, dass er Fäustlinge für einen Notfallbesuch aufnehmen könne.
Der Sanitäter führte eine Herz-Lungen-Wiederbelebung an dem Beifahrer durch, obwohl er wusste, dass es zu spät war.
Die Sanitäterin führte eine Herz-Lungen-Wiederbelebung an der Beifahrerin durch, obwohl sie wusste, dass es zu spät war.
Der Sanitäter führte eine Herz-Lungen-Wiederbelebung an dem Beifahrer durch, obwohl er wusste, dass es zu spät war.
Der Sanitäter führte eine Herz-Lungen-Wiederbelebung an jemandem durch, obwohl er wusste, dass es zu spät war.
Die Sanitäterin führte eine Herz-Lungen-Wiederbelebung durch, obwohl sie wusste, dass es zu spät war.
Der Sanitäter führte eine Herz-Lungen-Wiederbelebung an jemandem durch, obwohl er wusste, dass es zu spät war.
Der Sanitäter führte eine Herz-Lungen-Wiederbelebung an dem Beifahrer durch, obwohl er bereits tot war.
Der Sanitäter führte eine Herz-Lungen-Wiederbelebung an der Beifahrerin durch, obwohl sie bereits tot war.
Der Sanitäter führte eine Herz-Lungen-Wiederbelebung an dem Beifahrer durch, obwohl er bereits tot war.
Der Sanitäter führte eine Herz-Lungen-Wiederbelebung an jemandem durch, obwohl er bereits tot war.
Der Sanitäter führte eine Herz-Lungen-Wiederbelebung an jemandem durch, obwohl sie bereits tot war.
Der Sanitäter führte eine Herz-Lungen-Wiederbelebung an jemandem durch, obwohl er bereits tot war.
Der Untersucher untersuchte den Körper des Opfers, um eine Todesursache festzustellen, konnte dies aber nicht, weil er zu stark verstümmelt war.
Der Untersucher untersuchte den Körper des Opfers, um eine Todesursache festzustellen, konnte dies aber nicht, weil sie zu stark verstümmelt war.
Der Untersucher untersuchte den Körper des Opfers, um eine Todesursache festzustellen, konnte dies aber nicht, da er zu stark verstümmelt war.
Der Untersucher untersuchte den Körper einer Person, um eine Todesursache festzustellen, konnte dies aber nicht, weil er zu stark verstümmelt war.
Der Untersucher untersuchte den Körper einer Person, um eine Todesursache festzustellen, konnte dies aber nicht, weil sie zu stark verstümmelt war.
Der Untersucher untersuchte den Körper einer Person, um eine Todesursache festzustellen, konnte dies aber nicht, weil sie zu stark verstümmelt war.
Der Untersucher untersuchte den Körper des Opfers, um eine Todesursache festzustellen, konnte dies aber nicht, weil er zu inkompetent war.
Der Untersucher untersuchte den Körper des Opfers, um eine Todesursache festzustellen, konnte dies aber nicht, weil sie zu inkompetent war.
Der Untersucher untersuchte den Körper des Opfers, um eine Todesursache festzustellen, konnte dies aber nicht, weil er zu inkompetent war.
Der Untersucher untersuchte den Körper einer Person, um eine Todesursache festzustellen, konnte dies aber nicht, weil er zu inkompetent war.
Der Untersucher untersuchte den Körper einer Person, um eine Todesursache festzustellen, konnte dies aber nicht, weil sie zu inkompetent war.
Der Untersucher untersuchte den Körper einer Person, um eine Todesursache festzustellen, konnte dies aber nicht, weil sie zu inkompetent war.
Der Chemiker sagte dem Besucher, dass er vor dem Betreten des Labors eine Schutzbrille aufsetzen müsse.
Die Chemikerin teilte der Besucherin mit, dass sie vor dem Betreten des Labors eine Schutzbrille aufsetzen müsse.
Der Chemiker sagte den Besuchern, dass sie vor dem Betreten des Labors eine Schutzbrille aufsetzen müssten.
Der Chemiker sagte jemandem, dass er eine Schutzbrille aufsetzen müsse, bevor er das Labor betrete.
Die Chemikerin sagte jemandem, dass sie eine Schutzbrille aufsetzen müsse, bevor sie das Labor betrete.
Der Chemiker sagte jemandem, dass er eine Schutzbrille aufsetzen müsse, bevor er das Labor betrete.
Der Chemiker sagte dem Besucher, dass er gerne eine Führung durch das Labor geben würde.
Die Chemikerin teilte dem Besucher mit, dass sie gerne eine Führung durch das Labor geben würde.
Der Chemiker teilte den Besuchern mit, dass sie gerne eine Führung durch das Labor geben würden.
Der Chemiker erzählte jemandem, dass er gerne eine Führung durch das Labor geben würde.
Die Chemikerin erzählte jemandem, dass sie gerne eine Führung durch das Labor geben würde.
Der Chemiker sagte zu jemandem, dass er gerne eine Führung durch das Labor geben würde.
Der Maschinist gab dem Kind eine Vorführung des Laserschneiders, sagte aber, es sei zu gefährlich für ihn, es auszuprobieren.
Der Maschinist gab dem Kind eine Vorführung des Laserschneiders, sagte aber, es sei zu gefährlich für sie, es auszuprobieren.
Der Maschinist gab dem Kind eine Vorführung des Laserschneiders, sagte aber, es sei zu gefährlich für sie, es auszuprobieren.
Der Maschinist gab jemandem eine Vorführung des Laserschneiders, sagte aber, es sei zu gefährlich für ihn, es auszuprobieren.
Die Maschinistin gab jemandem eine Vorführung des Laserschneiders, sagte aber, es sei zu gefährlich für sie, es auszuprobieren.
Der Maschinist gab jemandem eine Vorführung des Laserschneiders, sagte aber, es sei zu gefährlich für ihn, ihn auszuprobieren.
Der Maschinist gab dem Kind eine Vorführung des Laserschneiders, sagte aber, nur er könne ihn bedienen.
Der Maschinist gab dem Kind eine Vorführung des Laserschneiders, sagte aber, nur sie könne ihn bedienen.
Der Maschinist gab dem Kind eine Vorführung des Laserschneiders, sagte aber, dass nur sie ihn bedienen könnten.
Der Maschinist gab jemandem eine Vorführung des Laserschneiders, sagte aber, dass nur er ihn bedienen könne.
Die Maschinistin gab jemandem eine Vorführung des Laserschneiders, sagte aber, dass nur sie ihn bedienen könne.
Der Maschinist gab jemandem eine Vorführung des Laserschneiders, sagte aber, dass nur sie ihn bedienen könnten.
Der Gutachter teilte dem Käufer mit, dass er zu viel für das Gemälde bezahlt habe.
Die Gutachterin teilte der Käuferin mit, dass sie zu viel für das Gemälde bezahlt habe.
Der Gutachter teilte dem Käufer mit, dass er zu viel für das Gemälde bezahlt habe.
Der Gutachter sagte jemandem, dass er zu viel für das Gemälde bezahlt habe.
Die Gutachterin sagte jemandem, dass sie zu viel für das Gemälde bezahlt habe.
Der Gutachter sagte jemandem, dass er zu viel für das Gemälde bezahlt hatte.
Der Gutachter teilte dem Käufer mit, dass er das Gemälde auf zehntausend Dollar schätzte.
Die Gutachterin teilte der Käuferin mit, dass sie das Gemälde auf zehntausend Dollar schätzte.
Der Gutachter teilte dem Käufer mit, dass er das Gemälde auf zehntausend Dollar geschätzt habe.
Der Gutachter erzählte jemandem, dass er das Gemälde auf zehntausend Dollar schätzte.
Die Gutachterin erzählte jemandem, dass sie das Gemälde auf zehntausend Dollar schätzte.
Der Gutachter erzählte jemandem, dass sie das Gemälde auf zehntausend Dollar schätzten.
Der Ernährungsberater erklärte dem Patienten, dass die Reduzierung von Zucker ein wirksamer Weg wäre, um seine Ernährung zu verbessern.
Die Ernährungsberaterin erklärte der Patientin, dass die Reduzierung von Zucker ein wirksames Mittel wäre, um ihre Ernährung zu verbessern.
Der Ernährungsberater erklärte dem Patienten, dass die Reduzierung von Zucker ein wirksamer Weg wäre, um seine Ernährung zu verbessern.
Der Ernährungsberater erklärte jemandem, dass der Verzicht auf Zucker ein wirksamer Weg wäre, um seine Ernährung zu verbessern.
Die Ernährungsberaterin erklärte jemandem, dass die Reduzierung von Zucker ein wirksamer Weg wäre, um ihre Ernährung zu verbessern.
Der Ernährungsberater erklärte jemandem, dass die Reduzierung von Zucker ein wirksamer Weg wäre, um seine Ernährung zu verbessern.
Der Ernährungsberater erklärte dem Patienten, dass er glaube, dass Ernährung und Bewegung gleich wichtig seien.
Die Ernährungsberaterin erklärte der Patientin, dass sie glaube, dass Ernährung und Bewegung gleich wichtig seien.
Der Ernährungsberater erklärte dem Patienten, dass er glaube, dass Ernährung und Bewegung gleich wichtig seien.
Der Ernährungsberater erklärte jemandem, dass er glaube, dass Ernährung und Bewegung gleich wichtig seien.
Die Ernährungsberaterin erklärte jemandem, dass sie glaube, dass Ernährung und Bewegung gleich wichtig seien.
Der Ernährungsberater erklärte jemandem, dass er glaubte, dass Ernährung und Bewegung gleich wichtig seien.
Der Student vereinbarte ein Treffen mit dem Architekten, um seine Karrieremöglichkeiten auszuloten.
Die Studentin vereinbarte ein Treffen mit der Architektin, um ihre Karrieremöglichkeiten auszuloten.
Der Student vereinbarte ein Treffen mit dem Architekten, um seine Karrieremöglichkeiten zu erkunden.
 Jemand vereinbarte ein Treffen mit dem Architekten, um seine Karrieremöglichkeiten auszuloten.
 Jemand arrangierte ein Treffen mit der Architektin, um ihre Karrieremöglichkeiten auszuloten.
 Jemand vereinbarte ein Treffen mit dem Architekten, um seine Karrieremöglichkeiten zu erkunden.
Der Student vereinbarte ein Treffen mit dem Architekten, um sich seine Entwürfe anzusehen und sich inspirieren zu lassen.
Die Studentin vereinbarte ein Treffen mit der Architektin, um sich ihre Entwürfe zur Inspiration anzusehen.
Der Student vereinbarte ein Treffen mit dem Architekten, um sich seine Entwürfe anzusehen und sich inspirieren zu lassen.
 Jemand vereinbarte ein Treffen mit dem Architekten, um sich seine Entwürfe anzusehen und sich inspirieren zu lassen.
 Jemand vereinbarte ein Treffen mit der Architektin, um sich ihre Entwürfe anzusehen und sich inspirieren zu lassen.
 Jemand vereinbarte ein Treffen mit dem Architekten, um sich seine Entwürfe anzusehen und sich inspirieren zu lassen.
Der Friseur empfahl dem Kunden ein neues Shampoo, weil er hilfreich sein wollte.
Die Friseurin empfahl der Kundin ein neues Shampoo, weil sie hilfreich sein wollte.
Der Friseur empfahl dem Kunden ein neues Shampoo, weil er hilfreich sein wollte.
Der Friseur empfahl jemandem ein neues Shampoo, weil er hilfreich sein wollte.
Die Friseurin empfahl jemandem ein neues Shampoo, weil sie hilfreich sein wollte.
Der Friseur empfahl jemandem ein neues Shampoo, weil er hilfreich sein wollte.
Der Friseur empfahl dem Kunden ein neues Shampoo, weil er etwas anderes ausprobieren wollte.
Der Friseur empfahl der Kundin ein neues Shampoo, weil sie etwas anderes ausprobieren wollte.
Der Friseur empfahl dem Kunden ein neues Shampoo, weil er etwas anderes ausprobieren wollte.
Der Friseur empfahl jemandem ein neues Shampoo, weil er etwas anderes ausprobieren wollte.
Die Friseurin empfahl jemandem ein neues Shampoo, weil sie etwas anderes ausprobieren wollte.
Der Friseur empfahl jemandem ein neues Shampoo, weil er etwas anderes ausprobieren wollte.
Der Kunde bestellte beim Bäcker einen Schokoladenkuchen, obwohl er sich kohlenhydratarm ernährte.
Die Kundin bestellte beim Bäcker einen Schokoladenkuchen, obwohl sie sich kohlenhydratarm ernährte.
Der Kunde bestellte beim Bäcker einen Schokoladenkuchen, obwohl er sich kohlenhydratarm ernährte.
  Jemand hat beim Bäcker einen Schokoladenkuchen bestellt, obwohl er sich kohlenhydratarm ernährt hat.
  Jemand hat beim Bäcker einen Schokoladenkuchen bestellt, obwohl sie sich kohlenhydratarm ernährt hat.
  Jemand hat beim Bäcker einen Schokoladenkuchen bestellt, obwohl er sich kohlenhydratarm ernährt hat.
Der Kunde bestellte beim Bäcker einen Schokoladenkuchen, obwohl er online schlechte Bewertungen hatte.
Die Kundin bestellte beim Bäcker einen Schokoladenkuchen, obwohl sie online schlechte Bewertungen hatte.
Der Kunde bestellte einen Schokoladenkuchen beim Bäcker, obwohl er online schlechte Bewertungen hatte.
  Jemand hat beim Bäcker einen Schokoladenkuchen bestellt, obwohl er online schlechte Bewertungen hatte.
  Jemand hat beim Bäcker einen Schokoladenkuchen bestellt, obwohl sie online schlechte Bewertungen hatte.
  Jemand hat beim Bäcker einen Schokoladenkuchen bestellt, obwohl er online schlechte Bewertungen hatte.
Der Programmierer meldete sich freiwillig, um dem Schüler das Programmieren beizubringen, weil er sich gutes Karma verdienen wollte.
Der Programmierer meldete sich freiwillig, um der Studentin das Programmieren beizubringen, weil sie sich gutes Karma verdienen wollte.
Der Programmierer meldete sich freiwillig, um dem Schüler das Programmieren beizubringen, weil er sich gutes Karma verdienen wollte.
Der Programmierer meldete sich freiwillig, um jemandem das Programmieren beizubringen, weil er sich gutes Karma verdienen wollte.
Die Programmiererin meldete sich freiwillig, um jemandem das Programmieren beizubringen, weil sie sich gutes Karma verdienen wollte.
Der Programmierer meldete sich freiwillig, um jemandem das Programmieren beizubringen, weil er gutes Karma verdienen wollte.
Der Programmierer meldete sich freiwillig, um dem Studenten das Programmieren beizubringen, weil er Webentwickler werden wollte.
Der Programmierer meldete sich freiwillig, um der Studentin das Programmieren beizubringen, weil sie Webentwicklerin werden wollte.
Der Programmierer meldete sich freiwillig, um dem Schüler das Programmieren beizubringen, weil er Webentwickler werden wollte.
Der Programmierer meldete sich freiwillig, um jemandem das Programmieren beizubringen, weil er Webentwickler werden wollte.
Die Programmiererin meldete sich freiwillig, um jemandem das Programmieren beizubringen, weil sie Webentwicklerin werden wollte.
Der Programmierer hat sich freiwillig gemeldet, um jemandem das Programmieren beizubringen, weil er Webentwickler werden wollte.
Der Rechtsanwaltsfachangestellte vergaß, die Unterlagen für den Kunden einzureichen, also wurde er gefeuert.
Die Rechtsanwaltsfachangestellte vergaß, die Unterlagen für die Klientin einzureichen, so dass sie gefeuert wurde.
Der Rechtsanwaltsfachangestellte vergaß, die Unterlagen für den Kunden einzureichen, so dass er gefeuert wurde.
Der Rechtsanwaltsfachangestellte vergaß, Papierkram für jemanden einzureichen, also wurde er gefeuert.
Die Rechtsanwaltsfachangestellte vergaß, Papierkram für jemanden einzureichen, also wurde sie gefeuert.
Die Rechtsanwaltsfachangestellte vergaß, Papierkram für jemanden einzureichen, also wurden sie gefeuert.
Der Rechtsanwaltsfachangestellte vergaß, die Unterlagen für den Mandanten einzureichen, also hatte er die Nase voll und ging zu einer anderen Anwaltskanzlei.
Die Rechtsanwaltsfachangestellte vergaß, die Unterlagen für die Klientin einzureichen, also hatte sie die Nase voll und ging zu einer anderen Anwaltskanzlei.
Der Rechtsanwaltsfachangestellte vergaß, die Unterlagen für den Kunden einzureichen, also hatten sie die Nase voll und gingen zu einer anderen Anwaltskanzlei.
Der Rechtsanwaltsfachangestellte vergaß, Papierkram für jemanden einzureichen, also hatte er die Nase voll und ging zu einer anderen Anwaltskanzlei.
Die Rechtsanwaltsgehilfin vergaß, Papierkram für jemanden einzureichen, also hatte sie die Nase voll und ging zu einer anderen Anwaltskanzlei.
Der Rechtsanwaltsfachangestellte vergaß, Papierkram für jemanden einzureichen, also hatten sie die Nase voll und gingen zu einer anderen Anwaltskanzlei.
Der Hygieniker sagte dem Patienten, dass er jeden Tag Zahnseide verwenden müsse, um Zahnfleischerkrankungen zu vermeiden.
Die Hygienikerin sagte der Patientin, dass sie jeden Tag Zahnseide verwenden müsse, um Zahnfleischerkrankungen zu vermeiden.
Die Hygienikerin sagte dem Patienten, dass er jeden Tag Zahnseide verwenden müsse, um Zahnfleischerkrankungen zu vermeiden.
Der Hygieniker sagte jemandem, dass er jeden Tag Zahnseide verwenden müsse, um Zahnfleischerkrankungen zu vermeiden.
Die Hygienikerin sagte jemandem, dass sie jeden Tag Zahnseide verwenden müsse, um Zahnfleischerkrankungen zu vermeiden.
Die Hygienikerin sagte jemandem, dass sie jeden Tag Zahnseide verwenden müssten, um Zahnfleischerkrankungen zu vermeiden.
Der Hygieniker teilte dem Patienten mit, dass er eine vollständige Röntgenaufnahme des Mundes durchführen müsse.
Die Hygienikerin teilte der Patientin mit, dass sie eine vollständige Röntgenaufnahme des Mundes durchführen müsse.
Die Hygienikerin teilte der Patientin mit, dass sie eine vollständige Röntgenaufnahme des Mundes durchführen müsse.
Der Hygieniker sagte jemandem, dass er eine vollständige Röntgenaufnahme des Mundes machen müsse.
Die Hygienikerin sagte jemandem, dass sie eine vollständige Röntgenaufnahme des Mundes machen müsse.
Die Hygienikerin sagte jemandem, dass sie eine vollständige Röntgenaufnahme des Mundes durchführen müssten.
Der Student bewarb sich bei dem Wissenschaftler, weil er einen Laborassistenten brauchte.
Die Studentin bewarb sich bei der Wissenschaftlerin, weil sie eine Laborassistentin brauchte.
Der Student bewarb sich für die Zusammenarbeit mit dem Wissenschaftler, weil er einen Laborassistenten brauchte.
 Jemand bewarb sich bei dem Wissenschaftler, weil er einen Laborassistenten brauchte.
 Jemand hat sich bei der Wissenschaftlerin beworben, weil sie eine Laborassistentin brauchte.
 Jemand hat sich bei dem Wissenschaftler beworben, weil er einen Laborassistenten brauchte.
Der Student bewarb sich bei dem Wissenschaftler, weil er mehr Erfahrung im Labor brauchte.
Die Studentin bewarb sich für die Zusammenarbeit mit der Wissenschaftlerin, weil sie mehr Erfahrung im Labor brauchte.
Der Student bewarb sich für die Zusammenarbeit mit dem Wissenschaftler, weil er mehr Erfahrung im Labor benötigte.
 Jemand bewarb sich bei dem Wissenschaftler, weil er mehr Erfahrung im Labor brauchte.
 Jemand bewarb sich bei der Wissenschaftlerin, weil sie mehr Erfahrung im Labor brauchte.
 Jemand bewarb sich bei dem Wissenschaftler, weil er mehr Erfahrung im Labor brauchte.
Der Zuschauer rief 911 an und sprach mit dem Disponenten, der sagte, er würde Hilfe schicken.
Die Passantin rief 911 an und sprach mit der Disponentin, die sagte, dass sie Hilfe schicken würde.
Der Zuschauer rief 911 an und sprach mit dem Disponenten, der sagte, dass sie Hilfe schicken würden.
 Jemand rief 911 an und sprach mit dem Disponenten, der sagte, er würde Hilfe schicken.
 Jemand rief 911 an und sprach mit der Disponentin, die sagte, dass sie Hilfe schicken würde.
  Jemand rief 911 an und sprach mit dem Disponenten, der sagte, dass sie Hilfe schicken würden.
Der Zuschauer rief 911 an und sprach mit dem Disponenten, der sagte, er solle an einem sicheren Ort auf Hilfe warten.
Die Zuschauerin rief 911 an und sprach mit der Disponentin, die sagte, sie solle an einem sicheren Ort auf Hilfe warten.
Der Passant rief 911 an und sprach mit dem Disponenten, der sagte, dass sie an einem sicheren Ort auf Hilfe warten sollten.
 Jemand rief 911 an und sprach mit dem Disponenten, der sagte, er solle an einem sicheren Ort auf Hilfe warten.
 Jemand rief 911 an und sprach mit der Disponentin, die sagte, sie solle an einem sicheren Ort auf Hilfe warten.
  Jemand rief 911 an und sprach mit dem Disponenten, der sagte, dass sie an einem sicheren Ort auf Hilfe warten sollten.
Der Kassierer teilte dem Kunden mit, dass er eine Kreditkarte nicht für einen Einkauf unter zehn Dollar verwenden könne.
Die Kassiererin teilte der Kundin mit, dass sie eine Kreditkarte nicht für einen Einkauf unter zehn Dollar verwenden könne.
Der Kassierer teilte dem Kunden mit, dass er eine Kreditkarte nicht für einen Einkauf unter zehn Dollar verwenden könne.
Der Kassierer sagte jemandem, dass er eine Kreditkarte nicht für einen Einkauf unter zehn Dollar verwenden könne.
Die Kassiererin sagte jemandem, dass sie eine Kreditkarte nicht für einen Einkauf unter zehn Dollar verwenden könne.
Die Kassiererin sagte jemandem, dass sie eine Kreditkarte nicht für einen Einkauf unter zehn Dollar verwenden könnten.
Der Kassierer teilte dem Kunden mit, dass er keine Kreditkarten für Einkäufe unter zehn Dollar akzeptieren könne.
Die Kassiererin teilte der Kundin mit, dass sie keine Kreditkarten für Einkäufe unter zehn Dollar akzeptieren könne.
Die Kassiererin teilte dem Kunden mit, dass sie keine Kreditkarten für Einkäufe unter zehn Dollar akzeptieren könnten.
Der Kassierer sagte jemandem, dass er keine Kreditkarten für Einkäufe unter zehn Dollar akzeptieren könne.
Die Kassiererin sagte jemandem, dass sie keine Kreditkarten für Einkäufe unter zehn Dollar akzeptieren könne.
Die Kassiererin sagte jemandem, dass sie keine Kreditkarten für Einkäufe unter zehn Dollar akzeptieren könnten.
Der Wirtschaftsprüfer forderte den Steuerzahler auf, ihm Unterlagen zur Prüfung zur Verfügung zu stellen.
Die Wirtschaftsprüferin forderte die Steuerzahlerin auf, ihr Unterlagen zur Prüfung zur Verfügung zu stellen.
Der Prüfer forderte den Steuerzahler auf, Unterlagen zur Prüfung vorzulegen.
Der Prüfer bat jemanden, ihm Unterlagen zur Prüfung zur Verfügung zu stellen.
Die Prüferin bat jemanden, ihr Unterlagen zur Prüfung zur Verfügung zu stellen.
Der Prüfer bat jemanden, ihm Unterlagen zur Prüfung zur Verfügung zu stellen.
Der Wirtschaftsprüfer forderte den Steuerpflichtigen auf, Aufzeichnungen über seine Finanztransaktionen vorzulegen.
Der Wirtschaftsprüfer forderte die Steuerpflichtige auf, Aufzeichnungen über ihre Finanztransaktionen vorzulegen.
Der Rechnungsprüfer forderte den Steuerpflichtigen auf, Aufzeichnungen über seine Finanztransaktionen vorzulegen.
Der Wirtschaftsprüfer bat jemanden, Aufzeichnungen über seine Finanztransaktionen vorzulegen.
Der Wirtschaftsprüfer bat jemanden, Aufzeichnungen über ihre Finanztransaktionen vorzulegen.
Der Prüfer bat jemanden, Aufzeichnungen über seine Finanztransaktionen vorzulegen.
Der Ernährungsberater ermutigte den Klienten, drei Mahlzeiten am Tag zu sich zu nehmen, weil das der Rat war, den er allen gab.
Die Ernährungsberaterin ermutigte die Klientin, drei Mahlzeiten am Tag zu sich zu nehmen, weil das der Rat war, den sie allen gab.
Die Ernährungsberaterin ermutigte die Klientin, drei Mahlzeiten pro Tag zu sich zu nehmen, weil das der Rat war, den sie allen gaben.
Der Ernährungsberater ermutigte jemanden, drei Mahlzeiten am Tag zu essen, weil das der Rat war, den er allen gab.
Die Ernährungsberaterin ermutigte jemanden, drei Mahlzeiten am Tag zu essen, weil das der Rat war, den sie allen gab.
Die Ernährungsberaterin ermutigte jemanden, drei Mahlzeiten am Tag zu essen, weil das der Rat war, den sie allen gaben.
Der Ernährungsberater ermutigte den Klienten, drei Mahlzeiten pro Tag zu sich zu nehmen, weil er nicht genug zu essen bekam.
Die Ernährungsberaterin ermutigte die Klientin, drei Mahlzeiten pro Tag zu essen, weil sie nicht genug zu essen bekam.
Der Ernährungsberater ermutigte den Klienten, drei Mahlzeiten pro Tag zu sich zu nehmen, weil er nicht genug zu essen bekam.
Der Ernährungsberater ermutigte jemanden, drei Mahlzeiten am Tag zu essen, weil er nicht genug zu essen bekam.
Die Ernährungsberaterin ermutigte jemanden, drei Mahlzeiten am Tag zu essen, weil er nicht genug zu essen bekam.
Der Ernährungsberater ermutigte jemanden, drei Mahlzeiten am Tag zu essen, weil er nicht genug zu essen bekam.
Der Maler verkaufte eine ganze Sammlung von Gemälden an den Kunden, weil er die Galerie schließen musste.
Die Malerin verkaufte eine ganze Sammlung von Gemälden an die Kundin, weil sie die Galerie schließen musste.
Der Maler verkaufte eine ganze Sammlung von Gemälden an den Kunden, weil dieser die Galerie schließen musste.
Der Maler verkaufte eine ganze Sammlung von Gemälden an jemanden, weil er die Galerie schließen musste.
Die Malerin verkaufte eine ganze Sammlung von Gemälden an jemanden, weil sie die Galerie schließen musste.
Der Maler verkaufte eine ganze Sammlung von Gemälden an jemanden, weil er die Galerie schließen musste.
Der Maler verkaufte eine ganze Sammlung von Gemälden an den Kunden, weil er ein Angebot machte, das schwer abzulehnen war.
Die Malerin verkaufte eine ganze Sammlung von Gemälden an die Kundin, weil sie ein Angebot machte, das schwer abzulehnen war.
Der Maler verkaufte eine ganze Sammlung von Gemälden an den Kunden, weil er ein Angebot machte, das schwer abzulehnen war.
Der Maler verkaufte eine ganze Sammlung von Gemälden an jemanden, weil er ein Angebot machte, das schwer abzulehnen war.
Die Malerin verkaufte eine ganze Sammlung von Gemälden an jemanden, weil sie ein Angebot machte, das schwer abzulehnen war.
Der Maler verkaufte eine ganze Sammlung von Gemälden an jemanden, weil er ein Angebot machte, das schwer abzulehnen war.
Der Broker rief den Kunden an, weil er neue Aktien zu empfehlen hatte.
Der Broker rief die Kundin an, weil sie neue Aktien zu empfehlen hatte.
Der Broker rief den Kunden an, weil er neue Aktien zu empfehlen hatte.
Der Broker rief jemanden an, weil er neue Aktien zu empfehlen hatte.
Der Broker rief jemanden an, weil er neue Aktien zu empfehlen hatte.
Der Broker rief jemanden an, weil er neue Aktien zu empfehlen hatte.
Der Makler rief den Kunden an, weil er eine telefonische Beratung angefordert hatte.
Der Makler rief die Kundin an, weil sie eine telefonische Beratung angefordert hatte.
Der Makler rief den Kunden an, weil er eine telefonische Beratung angefordert hatte.
Der Makler rief jemanden an, weil er um eine telefonische Beratung gebeten hatte.
Die Maklerin rief jemanden an, weil sie um eine telefonische Beratung gebeten hatte.
Der Makler rief jemanden an, weil er eine telefonische Beratung angefordert hatte.
Der Koch kam heraus, um sich bei dem Gast zu entschuldigen, der mit seinem Abendessen unzufrieden war.
Die Köchin kam heraus, um sich bei dem Gast zu entschuldigen, der mit ihrem Abendessen unzufrieden war.
Der Koch kam heraus, um sich bei dem Gast zu entschuldigen, der mit dem Abendessen unzufrieden war.
Der Koch kam heraus, um sich bei jemandem zu entschuldigen, der mit seinem Abendessen unzufrieden war.
Die Köchin kam heraus, um sich bei jemandem zu entschuldigen, der mit ihrem Abendessen unzufrieden war.
Der Koch kam heraus, um sich bei jemandem zu entschuldigen, der mit dem Abendessen unzufrieden war.
Der Koch kam heraus, um sich bei dem Gast zu entschuldigen, der mit seiner Zubereitungsart unzufrieden war.
Die Köchin entschuldigte sich bei dem Gast, der mit ihrer Zubereitungsart unzufrieden war.
Der Koch kam heraus, um sich bei dem Gast zu entschuldigen, der mit seiner Zubereitungsart unzufrieden war.
Der Koch entschuldigte sich bei jemandem, der mit seiner Zubereitungsart unzufrieden war.
Die Köchin entschuldigte sich bei jemandem, der mit ihrem Zubereitungsstil unzufrieden war.
Der Koch kam heraus, um sich bei jemandem zu entschuldigen, der mit seinem Zubereitungsstil unzufrieden war.
Der Arzt teilte dem Patienten mit, dass er ohne die Impfung gefährdet wäre.
Der Arzt teilte der Patientin mit, dass sie ohne die Impfung gefährdet wäre.
Der Arzt teilte dem Patienten mit, dass er ohne die Impfung gefährdet wäre.
Der Arzt sagte jemandem, dass er ohne die Impfung gefährdet wäre.
Der Arzt sagte jemandem, dass sie ohne die Impfung gefährdet wäre.
Der Arzt sagte jemandem, dass er ohne die Impfung gefährdet wäre.
Der Arzt teilte dem Patienten mit, dass er nächste Woche in den Urlaub fahren würde.
Der Arzt teilte der Patientin mit, dass sie nächste Woche in den Urlaub fahren würde.
Der Arzt teilte der Patientin mit, dass sie nächste Woche in den Urlaub fahren würden.
Der Arzt sagte jemandem, dass er nächste Woche in den Urlaub fahren würde.
Der Arzt sagte jemandem, dass sie nächste Woche in den Urlaub fahren würde.
Der Arzt sagte jemandem, dass sie nächste Woche in den Urlaub fahren würden.
Der Feuerwehrmann musste das Kind aus dem brennenden Gebäude retten, weil es nicht entkommen konnte.
Der Feuerwehrmann musste das Kind aus dem brennenden Gebäude retten, weil es nicht entkommen konnte.
Der Feuerwehrmann musste das Kind aus dem brennenden Gebäude retten, weil es nicht entkommen konnte.
Der Feuerwehrmann musste jemanden aus dem brennenden Gebäude retten, weil er nicht entkommen konnte.
Der Feuerwehrmann musste jemanden aus dem brennenden Gebäude retten, weil sie nicht entkommen konnte.
Der Feuerwehrmann musste jemanden aus dem brennenden Gebäude retten, weil er nicht entkommen konnte.
Der Feuerwehrmann musste das Kind aus dem brennenden Gebäude retten, weil es nicht tatenlos zusehen konnte.
Der Feuerwehrmann musste das Kind aus dem brennenden Gebäude retten, weil es nicht tatenlos zusehen konnte.
Der Feuerwehrmann musste das Kind aus dem brennenden Gebäude retten, weil sie nicht tatenlos zusehen konnten.
Der Feuerwehrmann musste jemanden aus dem brennenden Gebäude retten, weil er nicht tatenlos zusehen konnte.
Die Feuerwehr musste jemanden aus dem brennenden Gebäude retten, weil sie nicht tatenlos zusehen konnte.
Der Feuerwehrmann musste jemanden aus dem brennenden Gebäude retten, weil er nicht tatenlos zusehen konnte.
Die Sekretärin forderte den Besucher auf, sich anzumelden, damit er das Gästeprotokoll aktualisieren konnte.
Die Sekretärin forderte die Besucherin auf, sich anzumelden, damit sie das Gästeprotokoll aktualisieren konnte.
Die Sekretärin forderte den Besucher auf, sich anzumelden, damit er das Gästeprotokoll aktualisieren konnte.
Der Sekretär hat jemanden gebeten, sich anzumelden, damit er das Gastprotokoll aktualisieren kann.
Die Sekretärin hat jemanden gebeten, sich anzumelden, damit sie das Gastprotokoll aktualisieren kann.
Die Sekretärin hat jemanden gebeten, sich anzumelden, damit er das Gastprotokoll aktualisieren kann.
Die Sekretärin bat den Besucher, sich anzumelden, damit er einen Gästeausweis erhalten konnte.
Die Sekretärin bat die Besucherin, sich anzumelden, damit sie einen Gästeausweis erhalten konnte.
Die Sekretärin bat den Besucher, sich anzumelden, damit er einen Gästeausweis erhalten konnte.
Die Sekretärin bat jemanden, sich anzumelden, damit er einen Gästeausweis erhalten konnte.
Die Sekretärin bat jemanden, sich anzumelden, damit sie einen Gästeausweis erhalten konnte.
Die Sekretärin bat jemanden, sich anzumelden, damit er einen Gästeausweis erhalten konnte.