Der Techniker teilte dem Kunden mit, dass er mit Bargeld bezahlen könne.
Der Techniker teilte der Kundin mit, dass sie mit Bargeld bezahlen könne.
Der Techniker teilte dem Kunden mit, dass er mit Bargeld bezahlen könne.
Der Techniker sagte jemandem, dass er mit Bargeld bezahlen könne.
Der Techniker sagte jemandem, dass sie mit Bargeld bezahlen könne.
Der Techniker sagte jemandem, dass er mit Bargeld bezahlen könne.
Der Techniker teilte dem Kunden mit, dass er die Reparatur abgeschlossen habe.
Die Technikerin teilte der Kundin mit, dass die Reparatur abgeschlossen sei.
Der Techniker teilte dem Kunden mit, dass die Reparatur abgeschlossen sei.
Der Techniker teilte jemandem mit, dass er die Reparatur abgeschlossen habe.
Die Technikerin teilte jemandem mit, dass sie die Reparatur abgeschlossen habe.
Der Techniker teilte jemandem mit, dass die Reparatur abgeschlossen sei.
Der Steuerzahler traf sich mit dem Buchhalter, um Hilfe beim Einreichen seiner Steuererklärung zu erhalten.
Die Steuerzahlerin traf sich mit dem Buchhalter, um Hilfe beim Einreichen ihrer Steuererklärung zu erhalten.
Der Steuerzahler traf sich mit dem Buchhalter, um Hilfe beim Einreichen seiner Steuererklärung zu erhalten.
Jemand traf sich mit dem Buchhalter, um Hilfe bei der Einreichung seiner Steuererklärung zu erhalten.
Jemand traf sich mit dem Buchhalter, um Hilfe beim Ausfüllen ihrer Steuererklärung zu erhalten.
Jemand hat sich mit dem Buchhalter getroffen, um Hilfe beim Ausfüllen der Steuererklärung zu erhalten.
Der Steuerzahler traf sich mit dem Buchhalter, um herauszufinden, ob er bei der Steuervorbereitung helfen könnte.
Der Steuerzahler traf sich mit der Buchhalterin, um herauszufinden, ob sie ihm bei der Steuererklärung helfen könne.
Der Steuerzahler traf sich mit dem Buchhalter, um herauszufinden, ob dieser bei der Steuervorbereitung helfen könnte.
Jemand traf sich mit dem Buchhalter, um herauszufinden, ob er bei der Steuervorbereitung helfen könnte.
Jemand traf sich mit der Buchhalterin, um herauszufinden, ob sie bei der Steuervorbereitung helfen könnte.
Jemand hat sich mit dem Buchhalter getroffen, um herauszufinden, ob dieser bei der Steuervorbereitung helfen kann.
Der Vorgesetzte gab dem Mitarbeiter Feedback zu seiner hervorragenden Leistung.
Der Vorgesetzte gab der Mitarbeiterin Feedback zu ihrer hervorragenden Leistung.
Der Vorgesetzte gab dem Mitarbeiter Feedback zu seiner hervorragenden Leistung.
Der Vorgesetzte gab jemandem Feedback zu seiner herausragenden Leistung.
Der Vorgesetzte gab jemandem Feedback zu ihrer herausragenden Leistung.
Der Vorgesetzte gab jemandem Feedback zu seiner herausragenden Leistung.
Der Mitarbeiter gab dem Vorgesetzten Feedback zu seinem Führungsstil.
Die Mitarbeiterin gab dem Vorgesetzten Feedback zu ihrem Führungsstil.
Der Mitarbeiter gab dem Vorgesetzten Feedback zu seinem Führungsstil.
Jemand gab dem Vorgesetzten Feedback zu seinem Führungsstil.
Jemand gab der Vorgesetzten Feedback zu ihrem Führungsstil.
Jemand gab dem Vorgesetzten Feedback zu seinem Führungsstil.
Der Ingenieur teilte dem Kunden mit, dass er für die Fertigstellung des Projekts mehr Zeit benötigen würde.
Die Ingenieurin teilte der Kundin mit, dass sie für die Fertigstellung des Projekts mehr Zeit benötigen würde.
Der Ingenieur teilte dem Kunden mit, dass er für die Fertigstellung des Projekts mehr Zeit benötigen würde.
Der Ingenieur teilte jemandem mit, dass er mehr Zeit benötigen würde, um das Projekt abzuschließen.
Die Ingenieurin teilte jemandem mit, dass sie mehr Zeit benötigen würde, um das Projekt abzuschließen.
Der Ingenieur teilte jemandem mit, dass er mehr Zeit benötigen würde, um das Projekt abzuschließen.
Der Ingenieur teilte dem Kunden mit, dass er alle zukünftigen Zahlungen pünktlich leisten müsse.
Der Ingenieur teilte der Kundin mit, dass sie alle zukünftigen Zahlungen pünktlich leisten müsse.
Der Ingenieur teilte dem Kunden mit, dass er alle zukünftigen Zahlungen pünktlich leisten müsse.
Der Ingenieur teilte jemandem mit, dass er alle zukünftigen Zahlungen pünktlich leisten müsse.
Die Ingenieurin teilte jemandem mit, dass sie alle zukünftigen Zahlungen pünktlich leisten müsse.
Der Ingenieur teilte jemandem mit, dass alle zukünftigen Zahlungen pünktlich erfolgen müssten.
Der Mitarbeiter forderte den Fußgänger auf, den gesperrten Straßenabschnitt zu meiden.
Der Mitarbeiter forderte die Fußgängerin auf, den gesperrten Straßenabschnitt zu meiden.
Der Mitarbeiter forderte die Fußgänger auf, den gesperrten Straßenabschnitt zu meiden.
Der Arbeiter sagte jemandem, er solle den gesperrten Teil der Straße meiden.
Die Mitarbeiterin sagte jemandem, sie solle den gesperrten Teil der Straße meiden.
Der Mitarbeiter sagte jemandem, er solle den gesperrten Teil der Straße meiden.
Der Arbeiter teilte dem Fußgänger mit, dass er den Gehweg so schnell wie möglich reparieren werde.
Die Arbeiterin teilte dem Fußgänger mit, dass sie den Gehweg so schnell wie möglich reparieren werde.
Der Arbeiter teilte dem Fußgänger mit, dass der Gehweg so schnell wie möglich repariert werde.
Der Arbeiter sagte jemandem, dass er den Gehweg so schnell wie möglich reparieren würde.
Die Arbeiterin sagte jemandem, dass sie den Gehweg so schnell wie möglich reparieren würde.
Der Arbeiter sagte jemandem, dass sie den Gehweg so schnell wie möglich reparieren würden.
Der Pädagoge traf sich mit einem Schüler, um seine Schreibfähigkeiten zu besprechen.
Der Pädagoge traf sich mit einer Schülerin, um ihre Schreibfähigkeiten zu besprechen.
Der Pädagoge traf sich mit einem Schüler, um seine Schreibfähigkeiten zu besprechen.
Der Pädagoge traf sich mit jemandem, um seine Schreibfähigkeiten zu besprechen.
Die Pädagogin traf sich mit jemandem, um ihre Schreibfähigkeiten zu besprechen.
Der Pädagoge traf sich mit jemandem, um seine Schreibfähigkeiten zu besprechen.
Der Lehrer traf sich mit einem Schüler, um seine Benotungspolitik zu besprechen.
Die Lehrerin traf sich mit einer Schülerin, um ihre Benotungspolitik zu besprechen.
Der Pädagoge traf sich mit einem Studenten, um die Benotungspolitik zu besprechen.
Der Pädagoge traf sich mit jemandem, um seine Benotungspolitik zu besprechen.
Die Pädagogin traf sich mit jemandem, um ihre Benotungspolitik zu besprechen.
Der Pädagoge traf sich mit jemandem, um die Bewertungspolitik zu besprechen.
Der Sachbearbeiter überreichte dem Kunden Unterlagen zum Ausfüllen.
Der Sachbearbeiter überreichte der Kundin Unterlagen zum Ausfüllen.
Der Sachbearbeiter überreichte dem Kunden Unterlagen zum Ausfüllen.
Der Sachbearbeiter reichte ihm Unterlagen zum Ausfüllen.
Der Sachbearbeiter reichte ihr Unterlagen zum Ausfüllen.
Der Sachbearbeiter reichte jemandem Unterlagen zum Ausfüllen.
Der Sachbearbeiter überreichte dem Kunden die Unterlagen, die er ihm nach Abschluss der Arbeiten zurückgeben sollte.
Der Sachbearbeiter überreichte der Kundin die Unterlagen, die sie ihr nach Abschluss der Transaktion zurückgeben sollte.
Der Sachbearbeiter überreichte dem Kunden die Unterlagen, die er ihm nach Abschluss der Arbeiten zurückgeben sollte.
Der Sachbearbeiter übergab jemandem die Unterlagen, die er ihm nach Abschluss zurückgeben sollte.
Der Sachbearbeiter übergab jemandem die Unterlagen, die er ihr nach Abschluss zurückgeben sollte.
Der Sachbearbeiter hat jemandem die Unterlagen übergeben, die ihm nach Abschluss zurückgegeben werden sollten.
Der Berater teilte dem Patienten mit, dass er berufsbedingt verpflichtet sei, bestimmte Probleme zu melden.
Die Beraterin teilte der Patientin mit, dass sie berufsbedingt verpflichtet sei, bestimmte Probleme zu melden.
Der Berater erklärte dem Patienten, dass er berufsbedingt verpflichtet sei, bestimmte Probleme zu melden.
Der Berater teilte einer Person mit, dass er berufsbedingt dazu verpflichtet sei, bestimmte Probleme zu melden.
Die Beraterin teilte jemandem mit, dass sie berufsbedingt verpflichtet sei, bestimmte Probleme zu melden.
Der Berater teilte einer Person mit, dass es seine berufliche Pflicht sei, bestimmte Probleme zu melden.
Der Patient offenbarte dem Berater, dass er in seiner Vergangenheit Drogen missbraucht hatte.
Die Patientin teilte dem Berater mit, dass sie in ihrer Vergangenheit Drogen missbraucht habe.
Der Patient teilte dem Berater mit, dass er in seiner Vergangenheit Drogen missbraucht habe.
Jemand offenbarte dem Berater, dass er in seiner Vergangenheit Drogen missbraucht hatte.
Jemand teilte der Beraterin mit, dass sie in ihrer Vergangenheit Drogen missbraucht hatte.
Jemand gab gegenüber dem Berater an, dass er in seiner Vergangenheit Drogen missbraucht hatte.
Der Hausbesitzer fragte den Gutachter, ob die Bausubstanz des von ihm gekauften Hauses intakt sei.
Die Hausbesitzerin fragte den Gutachter, ob die Bausubstanz des von ihr gekauften Hauses intakt sei.
Der Hausbesitzer fragte den Gutachter, ob die Bausubstanz des gekauften Hauses intakt sei.
Jemand fragte den Gutachter, ob die Bausubstanz des von ihm gekauften Hauses intakt sei.
Jemand fragte den Gutachter, ob die Bausubstanz des von ihr gekauften Hauses intakt sei.
Jemand fragte den Gutachter, ob die Bausubstanz des gekauften Hauses intakt sei.
Der Hausbesitzer fragte den Inspektor, ob er Verstöße gegen die Bauordnung festgestellt habe.
Die Hausbesitzerin fragte die Inspektorin, ob ihr Verstöße gegen die Bauordnung aufgefallen seien.
Der Hausbesitzer fragte den Inspektor, ob er Verstöße gegen die Bauordnung festgestellt habe.
Jemand fragte den Inspektor, ob er Verstöße gegen die Bauordnung entdeckt habe.
Jemand fragte die Inspektorin, ob sie Verstöße gegen die Bauordnung entdeckt habe.
Jemand fragte den Inspektor, ob er Verstöße gegen die Bauordnung festgestellt habe.
Der Mechaniker rief an, um dem Kunden mitzuteilen, dass sein Auto am Morgen fertig sei.
Der Mechaniker rief an, um der Kundin mitzuteilen, dass ihr Auto am Morgen fertig sei.
Der Mechaniker rief an, um dem Kunden mitzuteilen, dass sein Auto am Morgen fertig sei.
Der Mechaniker rief an, um jemandem mitzuteilen, dass sein Auto am Morgen fertig sein würde.
Der Mechaniker rief an, um jemandem mitzuteilen, dass ihr Auto am Morgen fertig sein würde.
Der Mechaniker rief an, um jemandem mitzuteilen, dass sein Auto am Morgen fertig sein würde.
Der Mechaniker rief an, um dem Kunden mitzuteilen, dass er die Reparatur abgeschlossen hatte.
Die Mechanikerin rief an, um der Kundin mitzuteilen, dass die Reparatur abgeschlossen sei.
Der Mechaniker rief an, um dem Kunden mitzuteilen, dass die Reparatur abgeschlossen sei.
Der Mechaniker rief an, um jemandem mitzuteilen, dass er die Reparatur abgeschlossen hatte.
Die Mechanikerin rief an, um jemandem mitzuteilen, dass sie die Reparatur abgeschlossen hatte.
Der Mechaniker rief an, um jemandem mitzuteilen, dass die Reparatur abgeschlossen sei.
Der Kunde bat darum, mit dem Manager zu sprechen, da dieser den Abrechnungsfehler beheben könne.
Der Kunde bat darum, mit der Managerin zu sprechen, da diese den Abrechnungsfehler beheben könne.
Der Kunde bat darum, mit dem Manager zu sprechen, da dieser den Abrechnungsfehler beheben könne.
Jemand bat darum, mit dem Manager zu sprechen, weil dieser den Abrechnungsfehler beheben könne.
Jemand bat darum, mit der Managerin zu sprechen, weil sie den Abrechnungsfehler beheben könne.
Jemand bat darum, mit dem Manager zu sprechen, weil dieser den Abrechnungsfehler beheben könne.
Der Kunde verlangte ein Gespräch mit dem Manager, da er den Abrechnungsfehler schnell beheben wollte.
Die Kundin verlangte ein Gespräch mit dem Manager, da sie den Abrechnungsfehler schnell beheben wollte.
Der Kunde wollte mit dem Manager sprechen, weil der Abrechnungsfehler schnell behoben werden sollte.
Jemand bat um ein Gespräch mit dem Manager, weil er den Abrechnungsfehler schnell beheben wollte.
Jemand bat darum, mit der Managerin zu sprechen, weil sie den Abrechnungsfehler schnell beheben wollte.
Jemand bat um ein Gespräch mit dem Manager, weil er den Abrechnungsfehler schnell beheben wollte.
Der Teenager vertraute sich dem Therapeuten an, weil er vertrauenswürdig erschien.
Der Teenager vertraute sich der Therapeutin an, weil sie ihm vertrauenswürdig erschien.
Der Teenager vertraute sich dem Therapeuten an, weil dieser ihm vertrauenswürdig erschien.
Jemand vertraute sich dem Therapeuten an, weil er vertrauenswürdig erschien.
Jemand vertraute sich der Therapeutin an, weil sie vertrauenswürdig erschien.
Jemand hat sich dem Therapeuten anvertraut, weil dieser vertrauenswürdig erschien.
Der Teenager vertraute sich dem Therapeuten an, weil er emotionale Unterstützung suchte.
Die Teenagerin vertraute sich der Therapeutin an, weil sie emotionale Unterstützung suchte.
Der Teenager vertraute sich dem Therapeuten an, weil er emotionale Unterstützung suchte.
Jemand vertraute sich dem Therapeuten an, weil er emotionale Unterstützung suchte.
Jemand vertraute sich dem Therapeuten an, weil sie emotionale Unterstützung suchte.
Jemand hat sich dem Therapeuten anvertraut, weil er emotionale Unterstützung suchte.
Der Student überreichte dem Administrator eine von ihm organisierte Petition.
Die Studentin überreichte der Administratorin eine von ihr organisierte Petition.
Der Student überreichte dem Administrator eine von ihm organisierte Petition.
Jemand überreichte dem Administrator eine von ihm organisierte Petition.
Jemand überreichte der Administratorin eine von ihr organisierte Petition.
Jemand überreichte dem Administrator eine von ihm organisierte Petition.
Der Student legte dem Administrator eine Petition vor, von der er nichts wusste.
Die Studentin legte der Administratorin eine Petition vor, von der sie nichts wusste.
Der Student legte dem Administrator eine Petition vor, von der er nichts wusste.
Jemand legte dem Verwalter eine Petition vor, von der er nichts wusste.
Jemand legte der Verwalterin eine Petition vor, von der sie nichts wusste.
Jemand legte dem Administrator eine Petition vor, von der er nichts wusste.
Der Kunde fragte den Verkäufer, ob er ihm die Preise der einzelnen Produkte erläutern könne.
Der Kunde fragte die Verkäuferin, ob sie ihm die Preise der einzelnen Produkte erläutern könne.
Der Kunde fragte den Verkäufer, ob er ihm die Preise der einzelnen Produkte erläutern könne.
Jemand fragte den Verkäufer, ob er die Preise der einzelnen Produkte erklären könne.
Jemand fragte die Verkäuferin, ob sie die Preise der einzelnen Produkte erklären könne.
Jemand fragte den Verkäufer, ob er die Preise der einzelnen Produkte erklären könne.
Der Kunde fragte den Verkäufer, ob er Anspruch auf einen zusätzlichen Rabatt habe.
Die Kundin fragte den Verkäufer, ob sie Anspruch auf einen zusätzlichen Rabatt habe.
Der Kunde fragte den Verkäufer, ob er Anspruch auf einen zusätzlichen Rabatt habe.
Jemand fragte den Verkäufer, ob er Anspruch auf einen zusätzlichen Rabatt habe.
Jemand fragte die Verkäuferin, ob sie Anspruch auf einen zusätzlichen Rabatt hätte.
Jemand fragte den Verkäufer, ob er Anspruch auf einen zusätzlichen Rabatt hätte.
Der Besucher fragte die Rezeptionistin, ob er sich anmelden müsse.
Die Besucherin fragte die Rezeptionistin, ob sie sich anmelden müsse.
Der Besucher fragte die Rezeptionistin, ob er sich anmelden müsse.
Jemand fragte die Rezeptionistin, ob er sich anmelden müsse.
Jemand fragte die Rezeptionistin, ob sie sich anmelden müsse.
Jemand fragte die Rezeptionistin, ob er sich anmelden müsse.
Der Besucher fragte die Rezeptionistin, ob er abschätzen könne, wie lange die Wartezeit sein werde.
Der Besucher fragte die Rezeptionistin, ob sie abschätzen könne, wie lange die Wartezeit sein würde.
Der Besucher fragte die Rezeptionistin, ob sie abschätzen könne, wie lange die Wartezeit sein würde.
Jemand fragte den Rezeptionisten, ob er abschätzen könne, wie lange die Wartezeit sein würde.
Jemand fragte die Rezeptionistin, ob sie abschätzen könne, wie lange die Wartezeit sein würde.
Jemand fragte die Rezeptionistin, ob sie abschätzen könne, wie lange die Wartezeit sein würde.
Die Bibliothekarin half dem Kind, ein Buch auszusuchen, weil es nicht wusste, was es lesen sollte.
Die Bibliothekarin half dem Kind, ein Buch auszusuchen, weil es nicht wusste, was es lesen sollte.
Die Bibliothekarin half dem Kind, ein Buch auszusuchen, weil es nicht wusste, was es lesen sollte.
Die Bibliothekarin half jemandem, ein Buch auszusuchen, weil er nicht wusste, was er lesen sollte.
Die Bibliothekarin half jemandem, ein Buch auszusuchen, weil sie nicht wusste, was sie lesen sollte.
Die Bibliothekarin half jemandem, ein Buch auszusuchen, weil er nicht wusste, was er lesen sollte.
Die Bibliothekarin half dem Kind, ein Buch auszusuchen, weil sie es gern zum Lesen anregte.
Die Bibliothekarin half dem Kind, ein Buch auszusuchen, weil sie das Lesen gern förderte.
Die Bibliothekarin half dem Kind, ein Buch auszusuchen, weil sie es gern zum Lesen ermutigte.
Der Bibliothekar half jemandem beim Aussuchen eines Buches, weil er gerne zum Lesen anregte.
Die Bibliothekarin half jemandem beim Aussuchen eines Buches, weil sie gerne zum Lesen anregte.
Die Bibliothekarin half jemandem beim Aussuchen eines Buches, weil sie das Lesen fördern wollte.
Der Berater traf sich mit dem Ratsuchenden, weil er Ratschläge zu Bewerbungen einholen wollte.
Der Berater traf sich mit der Beratenen, weil sie Ratschläge zu Bewerbungen einholen wollte.
Der Berater traf sich mit dem Ratsuchenden, weil dieser Ratschläge zu Bewerbungen einholen wollte.
Der Berater traf sich mit jemandem, weil er Ratschläge zum Thema Bewerbung einholen wollte.
Die Beraterin hat sich mit jemandem getroffen, weil sie Ratschläge zum Thema Bewerbung einholen wollte.
Der Berater hat sich mit jemandem getroffen, weil er Ratschläge zum Thema Bewerbung einholen wollte.
Der Berater traf sich mit dem Beratenen, weil er Ratschläge zu Bewerbungen geben wollte.
Die Beraterin traf sich mit der Kandidatin, weil sie Ratschläge zu Bewerbungen geben wollte.
Der Berater traf sich mit dem Beratenen, weil er Ratschläge zur Bewerbung geben wollte.
Der Berater hat sich mit jemandem getroffen, weil er Ratschläge zum Thema Bewerbung geben wollte.
Die Beraterin hat sich mit jemandem getroffen, weil sie Ratschläge zum Thema Bewerbung geben wollte.
Der Berater hat sich mit jemandem getroffen, weil dieser Ratschläge zum Thema Bewerbung geben wollte.
Der Apotheker sagte dem Patienten, dass er die Tabletten zusammen mit einer Mahlzeit einnehmen solle.
Der Apotheker sagte der Patientin, dass sie die Tabletten zusammen mit einer Mahlzeit einnehmen solle.
Der Apotheker sagte dem Patienten, dass er die Tabletten zusammen mit einer Mahlzeit einnehmen solle.
Der Apotheker sagte jemandem, er solle die Tabletten zusammen mit einer Mahlzeit einnehmen.
Der Apotheker sagte einer Person, dass sie die Tabletten zusammen mit einer Mahlzeit einnehmen solle.
Der Apotheker sagte jemandem, er solle die Tabletten zusammen mit einer Mahlzeit einnehmen.
Der Apotheker teilte dem Patienten mit, dass er die Einnahme der Tabletten zusammen mit einer Mahlzeit empfehle.
Die Apothekerin teilte der Patientin mit, dass sie die Einnahme der Tabletten zusammen mit einer Mahlzeit empfehle.
Der Apotheker teilte dem Patienten mit, dass die Einnahme der Tabletten zusammen mit einer Mahlzeit empfohlen werde.
Der Apotheker sagte jemandem, dass er die Einnahme der Tabletten zusammen mit einer Mahlzeit empfehle.
Die Apothekerin sagte jemandem, dass sie die Einnahme der Tabletten zusammen mit einer Mahlzeit empfehle.
Der Apotheker sagte jemandem, dass er die Einnahme der Tabletten zusammen mit einer Mahlzeit empfehle.
Der Hausmeister warnte das Kind davor, auf den nassen Boden zu treten, da es sonst stürzen und sich verletzen könnte.
Der Hausmeister warnte das Kind davor, auf den nassen Boden zu treten, da es sonst stürzen und sich verletzen könnte.
Der Hausmeister warnte das Kind davor, auf den nassen Boden zu treten, da es sonst stürzen und sich verletzen könnte.
Der Hausmeister warnte jemanden, nicht auf den nassen Boden zu treten, da er sonst stürzen und sich verletzen könnte.
Der Hausmeister warnte jemanden, nicht auf den nassen Boden zu treten, da sie sonst stürzen und sich verletzen könnte.
Der Hausmeister warnte jemanden, nicht auf den nassen Boden zu treten, da er sonst stürzen und sich verletzen könnte.
Der Hausmeister warnte das Kind, nicht auf den nassen Boden zu treten, sonst müsse es alles noch einmal wischen.
Die Hausmeisterin warnte das Kind davor, auf den nassen Boden zu treten, sonst müsse es ihn noch einmal wischen.
Der Hausmeister warnte das Kind davor, auf den nassen Boden zu treten, da es sonst alles noch einmal wischen müsse.
Der Hausmeister ermahnte jemanden, den nassen Boden nicht zu betreten, da er ihn sonst erneut wischen müsse.
Die Hausmeisterin warnte jemanden davor, auf den nassen Boden zu treten, sonst müsse sie ihn noch einmal wischen.
Der Hausmeister ermahnte jemanden, den nassen Boden nicht zu betreten, da er sonst erneut gewischt werden müsse.
Der Psychologe forderte den Patienten auf, einen Fragebogen auszufüllen, um eine vorläufige Einschätzung vornehmen zu können.
Die Psychologin forderte die Patientin auf, einen Fragebogen auszufüllen, um eine vorläufige Einschätzung vornehmen zu können.
Der Psychologe forderte den Patienten auf, einen Fragebogen auszufüllen, um eine vorläufige Einschätzung vornehmen zu können.
Der Psychologe bat jemanden, einen Fragebogen auszufüllen, damit er eine vorläufige Einschätzung vornehmen könne.
Die Psychologin bat jemanden, einen Fragebogen auszufüllen, damit sie eine vorläufige Einschätzung vornehmen könne.
Der Psychologe forderte jemanden auf, einen Fragebogen auszufüllen, um eine vorläufige Einschätzung vornehmen zu können.
Der Psychologe forderte den Patienten auf, einen Fragebogen auszufüllen, damit er schnell beurteilt werden könne.
Der Psychologe forderte die Patientin auf, einen Fragebogen auszufüllen, damit sie schnell beurteilt werden könne.
Der Psychologe forderte den Patienten auf, einen Fragebogen auszufüllen, damit eine schnelle Beurteilung möglich sei.
Der Psychologe forderte jemanden auf, einen Fragebogen auszufüllen, damit er schnell beurteilt werden könne.
Der Psychologe bat jemanden, einen Fragebogen auszufüllen, damit sie schnell beurteilt werden könne.
Der Psychologe forderte jemanden auf, einen Fragebogen auszufüllen, damit die Person schnell beurteilt werden könne.
Der Arzt warnte den Patienten, dass er sich mehr ausruhen müsse.
Der Arzt warnte die Patientin, dass sie sich mehr ausruhen müsse.
Der Arzt warnte den Patienten, dass er sich mehr ausruhen müsse.
Der Arzt warnte jemanden, dass er sich mehr ausruhen müsse.
Der Arzt warnte jemanden, dass sie sich mehr ausruhen müsse.
Der Arzt hat jemanden gewarnt, dass er sich mehr ausruhen müsse.
Der Arzt warnte den Patienten, dass er keine höhere Dosis bedenkenlos verschreiben könne.
Die Ärztin warnte die Patientin, dass sie keine höhere Dosis bedenkenlos verschreiben könne.
Der Arzt warnte den Patienten, dass er ihm nicht ohne Bedenken eine höhere Dosis verschreiben könne.
Der Arzt warnte jemanden, dass er keine höhere Dosis bedenkenlos verschreiben könne.
Die Ärztin warnte jemanden, dass sie keine höhere Dosis bedenkenlos verschreiben könne.
Der Arzt warnte jemanden, dass er nicht bedenkenlos eine höhere Dosis verschreiben könne.
Der Zimmermann erklärte dem Zuschauer, dass er mindestens neun Meter von der Baustelle entfernt stehen müsse.
Der Zimmermann teilte der Zuschauerin mit, dass sie mindestens neun Meter von der Baustelle entfernt stehen müsse.
Der Zimmermann erklärte dem Zuschauer, dass er mindestens neun Meter von der Baustelle entfernt stehen müsse.
Der Zimmermann sagte jemandem, dass er mindestens neun Meter von der Baustelle entfernt stehen müsse.
Der Zimmermann sagte jemandem, dass sie mindestens neun Meter von der Baustelle entfernt stehen müsse.
Der Zimmermann sagte jemandem, dass er mindestens neun Meter von der Baustelle entfernt stehen müsse.
Der Zimmermann erzählte dem Zuschauer, dass er seit drei Wochen an dem Haus arbeite.
Die Zimmerfrau erzählte dem Zuschauer, dass sie seit drei Wochen an dem Haus arbeite.
Der Zimmermann erzählte dem Zuschauer, dass sie seit drei Wochen an dem Haus gearbeitet hätten.
Der Zimmermann erzählte jemandem, dass er seit drei Wochen an dem Haus arbeite.
Die Zimmerfrau erzählte jemandem, dass sie drei Wochen an dem Haus gearbeitet hatte.
Der Zimmermann erzählte jemandem, dass sie seit drei Wochen an dem Haus gearbeitet hätten.
Die Krankenschwester teilte dem Patienten mit, dass seine Schicht in einer Stunde enden würde.
Die Krankenschwester teilte der Patientin mit, dass ihre Schicht in einer Stunde enden würde.
Die Krankenschwester teilte dem Patienten mit, dass seine Schicht in einer Stunde enden würde.
Der Krankenpfleger teilte jemandem mit, dass seine Schicht in einer Stunde enden würde.
Die Krankenschwester teilte jemandem mit, dass ihre Schicht in einer Stunde enden würde.
Die Krankenschwester teilte jemandem mit, dass seine Schicht in einer Stunde enden würde.
Die Krankenschwester teilte dem Patienten mit, dass ihm in einer Stunde Blut abgenommen würde.
Die Krankenschwester teilte der Patientin mit, dass ihr in einer Stunde Blut abgenommen würde.
Die Krankenschwester teilte dem Patienten mit, dass ihm in einer Stunde Blut abgenommen würde.
Die Krankenschwester teilte jemandem mit, dass ihm in einer Stunde Blut abgenommen würde.
Die Krankenschwester teilte jemandem mit, dass ihr in einer Stunde Blut abgenommen würde.
Die Krankenschwester teilte jemandem mit, dass in einer Stunde Blut abgenommen würde.
Der Ermittler wollte den Zeugen persönlich befragen, doch er war nicht erreichbar.
Der Ermittler wollte die Zeugin persönlich befragen, doch sie war nicht erreichbar.
Der Ermittler wollte den Zeugen persönlich befragen, doch dieser war nicht erreichbar.
Der Ermittler wollte jemanden persönlich befragen, dieser war jedoch nicht erreichbar.
Der Ermittler wollte jemanden persönlich befragen, aber sie war nicht erreichbar.
Der Ermittler wollte jemanden persönlich befragen, die Person war jedoch nicht erreichbar.
Der Ermittler wollte den Zeugen persönlich befragen, konnte jedoch keinen Kontakt herstellen.
Die Ermittlerin wollte die Zeugin persönlich befragen, es gelang ihr jedoch nicht, Kontakt mit ihr aufzunehmen.
Der Ermittler wollte den Zeugen persönlich befragen, konnte jedoch keinen Kontakt herstellen.
Der Ermittler wollte jemanden persönlich befragen, konnte jedoch keinen Kontakt herstellen.
Die Ermittlerin wollte jemanden persönlich befragen, konnte jedoch keinen Kontakt herstellen.
Der Ermittler wollte jemanden persönlich befragen, konnte jedoch keinen Kontakt herstellen.
Der Kunde gab dem Barkeeper ein großzügiges Trinkgeld, weil er in Großzügigkeit verfiel.
Die Kundin gab der Barkeeperin ein großzügiges Trinkgeld, weil sie in Großzügigkeit verfiel.
Der Kunde gab dem Barkeeper ein großzügiges Trinkgeld, weil er sich großzügig fühlte.
Jemand hat dem Barkeeper ein großzügiges Trinkgeld gegeben, weil er in Großzügigkeit war.
Jemand hat der Barkeeperin ein großzügiges Trinkgeld gegeben, weil sie in Großzügigkeit war.
Jemand hat dem Barkeeper aus Großzügigkeit ein großzügiges Trinkgeld gegeben.
Der Kunde gab dem Barkeeper ein großzügiges Trinkgeld, da dieser das Getränk sehr stark gemacht hatte.
Der Kunde gab der Barkeeperin ein großzügiges Trinkgeld, da sie das Getränk sehr stark gemacht hatte.
Der Kunde gab dem Barkeeper ein großzügiges Trinkgeld, weil dieser das Getränk sehr stark gemacht hatte.
Jemand gab dem Barkeeper ein großzügiges Trinkgeld, weil er das Getränk sehr stark gemacht hatte.
Jemand gab der Barkeeperin ein großzügiges Trinkgeld, weil sie das Getränk sehr stark gemacht hatte.
Jemand gab dem Barkeeper ein großzügiges Trinkgeld, weil er das Getränk sehr stark gemacht hatte.
Der Patient wurde an den Spezialisten überwiesen, da er an einer seltenen Hauterkrankung litt.
Die Patientin wurde an den Spezialisten überwiesen, da sie an einer seltenen Hauterkrankung litt.
Der Patient wurde an den Spezialisten überwiesen, da er an einer seltenen Hauterkrankung litt.
Jemand wurde an den Spezialisten überwiesen, weil er eine seltene Hautkrankheit hatte.
Eine Frau wurde an einen Spezialisten überwiesen, da sie an einer seltenen Hauterkrankung litt.
Jemand wurde an den Spezialisten überwiesen, weil er eine seltene Hauterkrankung hatte.
Der Patient wurde an den Spezialisten überwiesen, da dieser über Kenntnisse zu seltenen Hauterkrankungen verfügte.
Die Patientin wurde an den Spezialisten überwiesen, da sie über Kenntnisse zu seltenen Hauterkrankungen verfügte.
Der Patient wurde an den Spezialisten überwiesen, da dieser über Kenntnisse zu seltenen Hauterkrankungen verfügte.
Jemand wurde an den Spezialisten überwiesen, weil er sich mit seltenen Hauterkrankungen auskannte.
Jemand wurde an die Fachärztin überwiesen, da sie Kenntnisse über seltene Hauterkrankungen hatte.
Jemand wurde an den Spezialisten überwiesen, weil dieser über Kenntnisse zu seltenen Hauterkrankungen verfügte.
Der Elektriker warnte den Hausbesitzer davor, selbst zu versuchen, die Verkabelung zu erneuern.
Der Elektriker warnte die Hausbesitzerin davor, selbst zu versuchen, die Verkabelung zu erneuern.
Der Elektriker warnte den Hausbesitzer davor, selbst zu versuchen, die Verkabelung zu erneuern.
Der Elektriker warnte jemanden davor, selbst zu versuchen, die Verkabelung zu ändern.
Der Elektriker warnte jemanden davor, selbst zu versuchen, die Verkabelung zu ändern.
Der Elektriker warnte jemanden davor, zu versuchen, die Verkabelung selbst neu zu verkabeln.
Der Elektriker warnte den Hausbesitzer, dass er möglicherweise einen zusätzlichen Tag benötigen würde, um die Neuverkabelung im Haus abzuschließen.
Der Elektriker warnte die Hausbesitzerin, dass sie möglicherweise einen zusätzlichen Tag benötigen würde, um die Neuverkabelung des Hauses abzuschließen.
Der Elektriker warnte den Hausbesitzer, dass für die Neuverkabelung des Hauses möglicherweise ein zusätzlicher Tag erforderlich sei.
Der Elektriker warnte jemanden, dass er möglicherweise einen zusätzlichen Tag benötigen würde, um die Neuverkabelung im Haus abzuschließen.
Der Elektriker warnte jemanden, dass sie möglicherweise einen zusätzlichen Tag brauchen würde, um die Neuverkabelung im Haus abzuschließen.
Der Elektriker warnte jemanden, dass für die Neuverkabelung des Hauses möglicherweise ein zusätzlicher Tag erforderlich sei.
Der Beamte nahm den Demonstranten fest, obwohl er nicht im Dienst war.
Der Beamte nahm die Demonstrantin fest, obwohl sie nicht im Dienst war.
Der Beamte nahm den Demonstranten fest, obwohl er nicht im Dienst war.
Der Beamte hat jemanden festgenommen, obwohl er nicht im Dienst war.
Die Beamtin hat jemanden festgenommen, obwohl sie nicht im Dienst war.
Der Beamte hat jemanden festgenommen, obwohl dieser nicht im Dienst war.
Der Beamte nahm den Demonstranten fest, obwohl dieser nicht gewalttätig war.
Der Beamte nahm die Demonstrantin fest, obwohl sie nicht gewalttätig war.
Der Beamte nahm die Demonstranten fest, obwohl diese nicht gewalttätig waren.
Der Beamte hat jemanden festgenommen, obwohl dieser nicht gewalttätig war.
Der Beamte hat eine Person festgenommen, obwohl sie nicht gewalttätig war.
Der Beamte hat jemanden festgenommen, obwohl dieser nicht gewalttätig war.
Der Pathologe entnahm dem Opfer Gewebeproben, um sie unter seinem Mikroskop zu untersuchen.
Die Pathologin entnahm dem Opfer Gewebeproben, um diese unter dem Mikroskop zu untersuchen.
Der Pathologe entnahm dem Opfer Gewebeproben, um sie unter dem Mikroskop zu untersuchen.
Der Pathologe entnahm einer Person Gewebeproben, um diese unter seinem Mikroskop zu untersuchen.
Die Pathologin entnahm einer Person Gewebeproben, um diese unter dem Mikroskop zu untersuchen.
Der Pathologe entnahm einer Person Gewebeproben, um diese unter dem Mikroskop zu untersuchen.
Der Pathologe entnahm dem Opfer Gewebeproben, um die Todesursache festzustellen.
Der Pathologe entnahm dem Opfer Gewebeproben, um die Todesursache festzustellen.
Der Pathologe entnahm dem Opfer Gewebeproben, um die Todesursache festzustellen.
Der Pathologe entnahm einer Person Gewebeproben, um die Todesursache festzustellen.
Der Pathologe entnahm einer Person Gewebeproben, um die Todesursache festzustellen.
Der Pathologe entnahm einer Person Gewebeproben, um die Todesursache festzustellen.
Der Schüler fragte den Lehrer, ob er eine Fristverlängerung für die Abgabe der Aufgabe bekommen könne.
Die Schülerin fragte den Lehrer, ob sie eine Fristverlängerung für die Abgabe der Aufgabe bekommen könne.
Der Schüler fragte den Lehrer, ob er eine Fristverlängerung für die Abgabe der Aufgabe bekommen könnte.
Jemand fragte den Lehrer, ob er eine Fristverlängerung für die Abgabe der Aufgabe bekommen könnte.
Jemand fragte die Lehrerin, ob sie eine Fristverlängerung für die Abgabe der Aufgabe bekommen könnte.
Jemand hat den Lehrer gefragt, ob er eine Fristverlängerung für die Abgabe der Aufgabe bekommen könnte.
Der Schüler fragte den Lehrer, ob er eine Fristverlängerung für die Abgabe der Aufgabe gewähren könne.
Der Schüler fragte die Lehrerin, ob sie eine Fristverlängerung für die Abgabe gewähren könne.
Der Schüler fragte den Lehrer, ob er ihm eine Fristverlängerung für die Abgabe der Aufgabe gewähren könne.
Jemand fragte den Lehrer, ob er eine Fristverlängerung für die Abgabe der Aufgabe gewähren könne.
Jemand fragte die Lehrerin, ob sie eine Fristverlängerung für die Abgabe der Aufgabe gewähren könne.
Jemand hat den Lehrer gefragt, ob er eine Fristverlängerung für die Abgabe der Aufgabe gewähren könnte.
Der Anwalt verhörte den Zeugen so lange, bis dieser dem Druck erlag.
Der Anwalt verhörte die Zeugin so lange, bis sie unter dem Druck zusammenbrach.
Der Anwalt verhörte die Zeugen so lange, bis diese dem Druck erlagen.
Der Anwalt verhörte jemanden so lange, bis dieser unter dem Druck zusammenbrach.
Die Anwältin verhörte eine Person so lange, bis sie unter dem Druck zusammenbrach.
Der Anwalt verhörte jemanden so lange, bis dieser unter dem Druck zusammenbrach.
Der Anwalt verhörte den Zeugen, bis dieser mit seinen Fragen fertig war.
Der Anwalt verhörte die Zeugin, bis sie mit ihren Fragen fertig war.
Der Anwalt verhörte den Zeugen, bis dieser mit seinen Fragen fertig war.
Der Anwalt verhörte jemanden, bis er mit seinen Fragen fertig war.
Die Anwältin verhörte jemanden, bis sie mit ihren Fragen fertig war.
Der Anwalt verhörte jemanden, bis dieser mit seinen Fragen fertig war.
Der Planer sprach mit dem Anwohner, der sagte, dass seine gesamte Gemeinde keinen Flughafen in der Nähe wolle.
Der Planer sprach mit der Anwohnerin, die sagte, ihre gesamte Gemeinde wolle keinen Flughafen in der Nähe.
Der Planer sprach mit den Anwohnern, die sagten, dass ihre gesamte Gemeinde keinen Flughafen in der Nähe wolle.
Der Planer sprach mit jemandem, der sagte, seine gesamte Gemeinde wolle keinen Flughafen in der Nähe.
Die Planerin sprach mit einer Person, die sagte, ihre gesamte Gemeinde wolle keinen Flughafen in der Nähe.
Der Planer sprach mit jemandem, der sagte, dass die gesamte Gemeinde keinen Flughafen in der Nähe wolle.
Der Planer sprach mit dem Anwohner, der sagte, sein Vorschlag, einen neuen Flughafen zu bauen, würde auf heftigen Widerstand stoßen.
Die Planerin sprach mit der Anwohnerin, die ihr mitteilte, dass ihr Vorschlag, einen neuen Flughafen zu bauen, auf heftigen Widerstand stoßen würde.
Der Planer sprach mit dem Anwohner, der sagte, dass sein Vorschlag, einen neuen Flughafen zu bauen, auf heftigen Widerstand stoßen würde.
Der Planer sprach mit jemandem, der sagte, sein Vorschlag, einen neuen Flughafen zu bauen, würde auf heftigen Widerstand stoßen.
Die Planerin sprach mit jemandem, der ihr sagte, ihr Vorschlag, einen neuen Flughafen zu bauen, würde auf heftigen Widerstand stoßen.
Der Planer sprach mit jemandem, der sagte, dass sein Vorschlag, einen neuen Flughafen zu bauen, auf heftigen Widerstand stoßen würde.
Der Arzt machte einen Hausbesuch beim Patienten, da dieser sich schwer krank fühlte.
Der Arzt machte einen Hausbesuch bei der Patientin, da sie sich schwer krank fühlte.
Der Arzt machte einen Hausbesuch beim Patienten, da dieser sich schwer krank fühlte.
Der Arzt machte einen Hausbesuch bei jemandem, weil dieser sich schwer krank fühlte.
Die Ärztin machte einen Hausbesuch bei jemandem, weil sie sich schwer krank fühlte.
Der Arzt machte einen Hausbesuch bei jemandem, weil die Person sich schwer krank fühlte.
Der Arzt machte einen Hausbesuch beim Patienten, weil er sich dazu verpflichtet fühlte.
Die Ärztin machte einen Hausbesuch bei der Patientin, weil sie sich dazu verpflichtet fühlte.
Der Arzt machte einen Hausbesuch beim Patienten, weil er sich dazu verpflichtet fühlte.
Der Arzt machte einen Hausbesuch bei jemandem, weil er sich dazu verpflichtet fühlte.
Die Ärztin machte einen Hausbesuch für jemanden, weil sie sich dazu verpflichtet fühlte.
Der Arzt machte einen Hausbesuch bei jemandem, weil er sich dazu verpflichtet fühlte.
Der Hausbesitzer rief den Klempner an, um einen Kostenvoranschlag für seine Leistungen einzuholen.
Die Hausbesitzerin rief die Klempnerin an, um einen Kostenvoranschlag für ihre Leistungen einzuholen.
Der Hausbesitzer rief den Klempner an, um einen Kostenvoranschlag für seine Leistungen einzuholen.
Jemand hat den Klempner angerufen, um einen Kostenvoranschlag für seine Dienste einzuholen.
Jemand hat die Klempnerin angerufen, um einen Kostenvoranschlag für ihre Dienste einzuholen.
Jemand hat den Klempner angerufen, um einen Kostenvoranschlag für seine Leistungen einzuholen.
Der Hausbesitzer rief den Klempner an, um einen Kostenvoranschlag für die Reparatur seiner kaputten Rohre einzuholen.
Die Hausbesitzerin rief den Klempner an, um einen Kostenvoranschlag für die Reparatur ihrer kaputten Rohre einzuholen.
Der Hausbesitzer rief den Klempner an, um einen Kostenvoranschlag für die Reparatur der kaputten Rohre einzuholen.
Jemand rief den Klempner an, um einen Kostenvoranschlag für die Reparatur seiner kaputten Rohre einzuholen.
Jemand rief den Klempner an, um einen Kostenvoranschlag für die Reparatur ihrer kaputten Rohre einzuholen.
Jemand hat den Klempner angerufen, um einen Kostenvoranschlag für die Reparatur seiner kaputten Rohre einzuholen.
Der Dozent ermutigte den Studenten, an seinen Hilfssitzungen teilzunehmen.
Die Kursleiterin ermutigte die Studentin, an ihren Hilfssitzungen teilzunehmen.
Der Dozent ermutigte den Studenten, an den Hilfssitzungen teilzunehmen.
Der Kursleiter hat jemanden dazu ermutigt, an seinen Hilfssitzungen teilzunehmen.
Die Kursleiterin hat jemanden ermutigt, an ihren Hilfssitzungen teilzunehmen.
Der Kursleiter hat jemanden ermutigt, an seinen Hilfesitzungen teilzunehmen.
Der Lehrer ermutigte den Schüler, seine Träume zu verfolgen.
Der Lehrer ermutigte die Schülerin, ihre Träume zu verfolgen.
Der Lehrer ermutigte den Schüler, seine Träume zu verfolgen.
Der Lehrer ermutigte jemanden, seine Träume zu verfolgen.
Die Lehrerin hat jemand ermutigt, ihre Träume zu verfolgen.
Der Lehrer hat jemanden ermutigt, seine Träume zu verfolgen.
Der Chirurg operierte das Kind mit großer Sorgfalt, da sein Tumor mit der Zeit gewachsen war.
Der Chirurg operierte das Kind mit großer Sorgfalt, da der Tumor mit der Zeit gewachsen war.
Der Chirurg operierte das Kind mit großer Sorgfalt, da der Tumor mit der Zeit gewachsen war.
Der Chirurg operierte den Patienten mit großer Sorgfalt, sein Tumor war mit der Zeit gewachsen.
Der Chirurg operierte die Frau mit großer Sorgfalt, ihr Tumor war mit der Zeit gewachsen.
Der Chirurg operierte den Patienten mit großer Sorgfalt, da sein Tumor mit der Zeit gewachsen war.
Der Chirurg operierte das Kind mit großer Sorgfalt, seine Zuneigung war mit der Zeit gewachsen.
Der Chirurg operierte das Kind mit großer Sorgfalt, ihre Zuneigung war mit der Zeit gewachsen.
Der Chirurg operierte das Kind mit großer Sorgfalt, die Zuneigung war mit der Zeit gewachsen.
Der Chirurg operierte einen Menschen mit großer Sorgfalt, dessen Zuneigung ihm im Laufe der Zeit gewachsen war.
Der Chirurg operierte die Frau mit großer Sorgfalt. Ihre Zuneigung war im Laufe der Zeit gewachsen.
Der Chirurg operierte den Patienten mit großer Sorgfalt, da sein Tumor mit der Zeit gewachsen war.
Der Tierarzt teilte dem Besitzer mit, dass seine Katze Diabetes entwickelt habe.
Der Tierarzt teilte der Besitzerin mit, dass ihre Katze Diabetes entwickelt habe.
Der Tierarzt teilte dem Besitzer mit, dass seine Katze Diabetes entwickelt habe.
Der Tierarzt teilte jemandem mit, dass seine Katze Diabetes entwickelt habe.
Der Tierarzt teilte jemandem mit, dass ihre Katze Diabetes entwickelt habe.
Der Tierarzt teilte jemandem mit, dass seine Katze Diabetes entwickelt habe.
Der Tierarzt teilte dem Besitzer mit, dass er Mittens notfallmäßig einweisen könne.
Die Tierärztin teilte der Besitzerin mit, dass sie Mittens notfallmäßig einweisen könne.
Der Tierarzt teilte dem Besitzer mit, dass Mittens notfallmäßig aufgenommen werden könne.
Der Tierarzt teilte jemandem mit, dass er Mittens notfallmäßig einweisen könne.
Die Tierärztin teilte jemandem mit, dass sie Mittens notfallmäßig einweisen könne.
Der Tierarzt teilte jemandem mit, dass Mittens notfallmäßig aufgenommen werden könne.
Der Sanitäter führte bei dem Passagier eine Wiederbelebung durch, obwohl er wusste, dass es zu spät war.
Die Sanitäterin führte bei dem Passagier eine Wiederbelebung durch, obwohl sie wusste, dass es zu spät war.
Der Sanitäter führte bei dem Passagier eine Wiederbelebung durch, obwohl er wusste, dass es zu spät war.
Der Sanitäter führte bei jemandem eine Wiederbelebung durch, obwohl er wusste, dass es zu spät war.
Die Sanitäterin führte bei jemandem eine Wiederbelebung durch, obwohl sie wusste, dass es zu spät war.
Der Sanitäter führte bei jemandem eine Wiederbelebung durch, obwohl er wusste, dass es zu spät war.
Der Sanitäter führte bei dem Passagier eine Wiederbelebung durch, obwohl dieser bereits tot war.
Der Sanitäter führte bei der Passagierin eine Wiederbelebung durch, obwohl sie bereits tot war.
Der Sanitäter führte bei dem Passagier eine Wiederbelebung durch, obwohl dieser bereits tot war.
Der Sanitäter führte bei jemandem eine Wiederbelebung durch, obwohl dieser bereits tot war.
Der Sanitäter führte bei einer Person eine Wiederbelebung durch, obwohl die Person bereits tot war.
Der Sanitäter führte bei jemandem eine Wiederbelebung durch, obwohl die Person bereits tot war.
Der Gerichtsmediziner untersuchte die Leiche des Opfers, um die Todesursache festzustellen, konnte dies jedoch nicht tun, da der Körper zu schwer verstümmelt war.
Der Gerichtsmediziner untersuchte die Leiche des Opfers, um die Todesursache festzustellen, konnte dies jedoch nicht tun, da die Leiche zu schwer verstümmelt war.
Der Gerichtsmediziner untersuchte die Leiche des Opfers, um die Todesursache festzustellen, war dazu jedoch nicht in der Lage, da die Leiche zu schwer verstümmelt war.
Der Gerichtsmediziner untersuchte die Leiche einer Person, um die Todesursache festzustellen, konnte dies jedoch nicht tun, da die Person zu schwer verstümmelt war.
Der Gerichtsmediziner untersuchte die Leiche einer Person, um die Todesursache festzustellen, konnte dies jedoch nicht tun, da die Person zu schwer verstümmelt war.
Der Gerichtsmediziner untersuchte die Leiche einer Person, um die Todesursache festzustellen, konnte dies jedoch nicht tun, da die Leiche zu schwer verstümmelt war.
Der Gerichtsmediziner untersuchte die Leiche des Opfers, um die Todesursache festzustellen, war dazu jedoch aufgrund seiner Unfähigkeit nicht in der Lage.
Die Gerichtsmedizinerin untersuchte die Leiche des Opfers, um die Todesursache festzustellen, war dazu jedoch aufgrund ihrer Unfähigkeit nicht in der Lage.
Der Gerichtsmediziner untersuchte die Leiche des Opfers, um die Todesursache festzustellen, war dazu jedoch aufgrund seiner Inkompetenz nicht in der Lage.
Der Gerichtsmediziner untersuchte die Leiche einer Person, um die Todesursache festzustellen, war dazu jedoch aufgrund seiner Unfähigkeit nicht in der Lage.
Die Gerichtsmedizinerin untersuchte die Leiche einer Person, um die Todesursache festzustellen, war dazu jedoch aufgrund ihrer Unfähigkeit nicht in der Lage.
Der Gerichtsmediziner untersuchte die Leiche einer Person, um die Todesursache festzustellen, war dazu jedoch aufgrund seiner Inkompetenz nicht in der Lage.
Der Chemiker teilte dem Besucher mit, dass er vor dem Betreten des Labors eine Schutzbrille aufsetzen müsse.
Die Chemikerin teilte der Besucherin mit, dass sie vor dem Betreten des Labors eine Schutzbrille aufsetzen müsse.
Der Chemiker teilte dem Besucher mit, dass er vor dem Betreten des Labors eine Schutzbrille aufsetzen müsse.
Der Chemiker sagte jemandem, dass er eine Schutzbrille aufsetzen müsse, bevor er das Labor betrete.
Die Chemikerin sagte jemandem, dass sie eine Schutzbrille aufsetzen müsse, bevor sie das Labor betrete.
Der Chemiker sagte jemandem, dass er vor dem Betreten des Labors eine Schutzbrille aufsetzen müsse.
Der Chemiker teilte dem Besucher mit, dass er ihm gern eine Führung durch das Labor geben würde.
Die Chemikerin teilte dem Besucher mit, dass sie ihm gern eine Führung durch das Labor geben würde.
Der Chemiker teilte dem Besucher mit, dass er ihm gern eine Führung durch das Labor geben würde.
Der Chemiker sagte jemandem, dass er gerne eine Führung durch das Labor geben würde.
Die Chemikerin erzählte jemandem, dass sie gerne eine Führung durch das Labor geben würde.
Der Chemiker sagte jemandem, dass er gern eine Führung durch das Labor geben würde.
Der Maschinist führte dem Kind die Funktionsweise eines Laserschneiders vor, sagte jedoch, es sei zu gefährlich für ihn, es auszuprobieren.
Der Maschinist führte dem Kind die Funktionsweise eines Laserschneiders vor, sagte jedoch, es sei zu gefährlich für sie, es auszuprobieren.
Der Maschinist führte dem Kind die Funktionsweise eines Laserschneiders vor, sagte jedoch, es sei zu gefährlich, es auszuprobieren.
Der Maschinist gab jemandem eine Vorführung zum Laserschneiden, sagte jedoch, es sei zu gefährlich für ihn, es auszuprobieren.
Die Maschinistin gab jemandem eine Vorführung zum Laserschneiden, sagte aber, es sei zu gefährlich für sie, es auszuprobieren.
Der Maschinist gab jemandem eine Vorführung zum Laserschneiden, meinte jedoch, dass es zu gefährlich für ihn sei, es auszuprobieren.
Der Maschinist führte dem Kind eine Laserschneidemaschine vor, sagte jedoch, dass nur er selbst die Maschine bedienen könne.
Der Maschinist führte dem Kind eine Laserschneidemaschine vor, sagte jedoch, dass nur sie selbst das Gerät bedienen könne.
Der Maschinist führte dem Kind einen Laserschneider vor, sagte jedoch, dass nur es ihn bedienen könne.
Der Maschinist gab jemandem eine Vorführung zum Laserschneiden, sagte aber, dass nur er das Gerät bedienen könne.
Die Maschinistin gab jemandem eine Vorführung zum Laserschneiden, sagte aber, dass nur sie das Gerät bedienen könne.
Der Maschinist gab jemandem eine Vorführung zum Laserschneiden, sagte aber, dass nur er selbst das Gerät bedienen könne.
Der Gutachter teilte dem Käufer mit, dass er zu viel für das Gemälde bezahlt habe.
Der Gutachter teilte der Käuferin mit, dass sie zu viel für das Gemälde bezahlt habe.
Der Gutachter teilte dem Käufer mit, dass er zu viel für das Gemälde bezahlt habe.
Der Gutachter teilte jemandem mit, dass er zu viel für das Gemälde bezahlt habe.
Der Gutachter teilte jemandem mit, dass sie zu viel für das Gemälde bezahlt habe.
Der Gutachter teilte jemandem mit, dass er zu viel für das Gemälde bezahlt habe.
Der Gutachter teilte dem Käufer mit, dass er den Wert des Gemäldes auf zehntausend Dollar schätze.
Die Gutachterin teilte der Käuferin mit, dass sie den Wert des Gemäldes auf zehntausend Dollar schätze.
Der Gutachter teilte dem Käufer mit, dass der Wert des Gemäldes zehntausend Dollar betrug.
Der Gutachter teilte jemandem mit, dass er den Wert des Gemäldes auf zehntausend Dollar schätze.
Die Gutachterin teilte jemandem mit, dass sie den Wert des Gemäldes auf zehntausend Dollar schätzte.
Der Gutachter teilte jemandem mit, dass der Wert des Gemäldes bei zehntausend Dollar liege.
Die Ernährungsberaterin erklärte dem Patienten, dass eine Reduzierung des Zuckerkonsums eine wirksame Möglichkeit sei, seine Ernährung zu verbessern.
Die Ernährungsberaterin erklärte der Patientin, dass eine Reduzierung des Zuckerkonsums eine wirksame Möglichkeit sei, ihre Ernährung zu verbessern.
Die Ernährungsberaterin erklärte dem Patienten, dass eine Reduzierung des Zuckerkonsums eine wirksame Möglichkeit zur Verbesserung seiner Ernährung sei.
Die Ernährungsberaterin erklärte jemandem, dass die Reduzierung des Zuckerkonsums eine wirksame Möglichkeit sei, seine Ernährung zu verbessern.
Die Ernährungsberaterin erklärte einer Person, dass die Reduzierung des Zuckerkonsums eine wirksame Möglichkeit sei, ihre Ernährung zu verbessern.
Die Ernährungsberaterin erklärte jemandem, dass die Reduzierung des Zuckerkonsums eine wirksame Möglichkeit sei, die Ernährung zu verbessern.
Der Ernährungsberater erklärte dem Patienten, dass seiner Überzeugung nach Ernährung und Bewegung gleichermaßen wichtig seien.
Die Ernährungsberaterin erklärte der Patientin, dass ihrer Überzeugung nach Ernährung und Bewegung gleichermaßen wichtig seien.
Der Ernährungsberater erklärte dem Patienten, dass seiner Überzeugung nach Ernährung und Bewegung gleichermaßen wichtig seien.
Der Ernährungsberater erklärte jemandem, dass seiner Überzeugung nach Ernährung und Bewegung gleichermaßen wichtig seien.
Die Ernährungsberaterin erklärte jemandem, dass ihrer Überzeugung nach Ernährung und Bewegung gleichermaßen wichtig seien.
Der Ernährungsberater erklärte jemandem, dass seiner Überzeugung nach Ernährung und Bewegung gleichermaßen wichtig seien.
Der Student vereinbarte ein Treffen mit dem Architekten, um seine Karrieremöglichkeiten zu erkunden.
Die Studentin vereinbarte ein Treffen mit dem Architekten, um ihre Karrieremöglichkeiten zu erkunden.
Der Student vereinbarte ein Treffen mit dem Architekten, um seine Karrieremöglichkeiten zu erkunden.
Jemand vereinbarte ein Treffen mit dem Architekten, um seine Karrieremöglichkeiten zu erkunden.
Jemand hat ein Treffen mit der Architektin vereinbart, um ihre Karrieremöglichkeiten zu besprechen.
Jemand hat ein Treffen mit dem Architekten vereinbart, um seine Karrieremöglichkeiten zu besprechen.
Der Student vereinbarte ein Treffen mit dem Architekten, um sich seine Baupläne anzusehen und sich inspirieren zu lassen.
Die Studentin vereinbarte ein Treffen mit der Architektin, um sich ihre Baupläne anzusehen und sich inspirieren zu lassen.
Der Student vereinbarte ein Treffen mit dem Architekten, um sich dessen Baupläne anzusehen und sich inspirieren zu lassen.
Jemand vereinbarte ein Treffen mit dem Architekten, um sich seine Baupläne anzusehen und sich inspirieren zu lassen.
Jemand vereinbarte ein Treffen mit der Architektin, um sich ihre Baupläne anzusehen und sich inspirieren zu lassen.
Jemand hat ein Treffen mit dem Architekten vereinbart, um sich dessen Baupläne anzusehen und sich inspirieren zu lassen.
Der Friseur empfahl dem Kunden ein neues Shampoo, weil er hilfreich sein wollte.
Die Friseurin empfahl der Kundin ein neues Shampoo, weil sie hilfreich sein wollte.
Der Friseur empfahl der Kundin ein neues Shampoo, weil er ihr helfen wollte.
Der Friseur hat jemandem ein neues Shampoo empfohlen, weil er helfen wollte.
Die Friseurin hat jemandem ein neues Shampoo empfohlen, weil sie helfen wollte.
Der Friseur hat jemandem ein neues Shampoo empfohlen, weil er helfen wollte.
Der Friseur empfahl dem Kunden ein neues Shampoo, weil er mal etwas anderes ausprobieren wollte.
Die Friseurin empfahl der Kundin ein neues Shampoo, weil sie mal etwas anderes ausprobieren wollte.
Der Friseur empfahl dem Kunden ein neues Shampoo, weil er mal etwas anderes ausprobieren wollte.
Der Friseur hat jemandem ein neues Shampoo empfohlen, weil er mal etwas anderes ausprobieren wollte.
Die Friseurin hat jemandem ein neues Shampoo empfohlen, weil sie mal etwas anderes ausprobieren wollte.
Der Friseur hat jemandem ein neues Shampoo empfohlen, weil er mal etwas anderes ausprobieren wollte.
Der Kunde bestellte beim Bäcker einen Schokoladenkuchen, obwohl er eine Low-Carb-Diät machte.
Die Kundin bestellte beim Bäcker einen Schokoladenkuchen, obwohl sie eine Low-Carb-Diät machte.
Der Kunde bestellte beim Bäcker einen Schokoladenkuchen, obwohl er eine Low-Carb-Diät machte.
Jemand hat beim Bäcker einen Schokoladenkuchen bestellt, obwohl er eine Low-Carb-Diät macht.
Jemand hat beim Bäcker einen Schokoladenkuchen bestellt, obwohl sie eine Low-Carb-Diät machte.
Jemand hat beim Bäcker einen Schokoladenkuchen bestellt, obwohl er eine Low-Carb-Diät macht.
Der Kunde bestellte beim Bäcker einen Schokoladenkuchen, obwohl dieser im Internet schlechte Bewertungen hatte.
Die Kundin bestellte beim Bäcker einen Schokoladenkuchen, obwohl dieser im Internet schlechte Bewertungen gefunden hatte.
Der Kunde bestellte beim Bäcker einen Schokoladenkuchen, obwohl dieser im Internet schlechte Bewertungen hatte.
Jemand hat beim Bäcker einen Schokoladenkuchen bestellt, obwohl dieser im Internet schlechte Bewertungen hatte.
Jemand hat bei der Bäckerin einen Schokoladenkuchen bestellt, obwohl diese online schlechte Bewertungen hatte.
Jemand hat beim Bäcker einen Schokoladenkuchen bestellt, obwohl dieser online schlechte Bewertungen hatte.
Der Programmierer bot an, dem Schüler das Programmieren beizubringen, weil er gutes Karma verdienen wollte.
Die Programmiererin bot an, der Schülerin das Programmieren beizubringen, weil sie gutes Karma verdienen wollte.
Der Programmierer bot an, dem Schüler das Programmieren beizubringen, weil er gutes Karma verdienen wollte.
Der Programmierer hat sich freiwillig gemeldet, jemandem das Programmieren beizubringen, weil er gutes Karma verdienen wollte.
Die Programmiererin hat sich freiwillig gemeldet, jemandem das Programmieren beizubringen, weil sie gutes Karma verdienen wollte.
Der Programmierer hat sich freiwillig gemeldet, jemandem das Programmieren beizubringen, weil er sich gutes Karma verdienen wollte.
Der Programmierer bot an, dem Schüler das Programmieren beizubringen, weil er Webentwickler werden wollte.
Der Programmierer bot an, der Schülerin das Programmieren beizubringen, weil sie Webentwicklerin werden wollte.
Der Programmierer bot an, dem Schüler das Programmieren beizubringen, weil er Webentwickler werden wollte.
Der Programmierer bot an, jemandem das Programmieren beizubringen, weil er Webentwickler werden wollte.
Die Programmiererin bot an, jemandem das Programmieren beizubringen, weil sie Webentwicklerin werden wollte.
Der Programmierer hat sich freiwillig gemeldet, jemandem das Programmieren beizubringen, weil er Webentwickler werden wollte.
Der Rechtsanwaltsfachangestellte vergaß, die Unterlagen für den Mandanten einzureichen und wurde deshalb entlassen.
Die Rechtsanwaltsgehilfin vergaß, die Unterlagen für die Mandantin einzureichen und wurde deshalb entlassen.
Der Rechtsanwaltsgehilfe vergaß, die Unterlagen für den Mandanten einzureichen, und wurde deshalb entlassen.
Der Rechtsanwaltsgehilfe vergaß, für jemanden Unterlagen einzureichen und wurde deshalb entlassen.
Die Rechtsanwaltsgehilfin vergaß, für jemanden Unterlagen einzureichen und wurde deshalb entlassen.
Der Rechtsanwaltsgehilfe vergaß, für jemanden Unterlagen einzureichen, weshalb diese Person entlassen wurde.
Der Rechtsanwaltsfachangestellte vergaß, die Unterlagen für den Mandanten einzureichen, sodass dieser die Nase voll hatte und zu einer anderen Anwaltskanzlei ging.
Die Rechtsanwaltsgehilfin vergaß, die Unterlagen für die Mandantin einzureichen, sodass sie genug hatte und zu einer anderen Anwaltskanzlei ging.
Der Rechtsanwaltsfachangestellte vergaß, die Unterlagen für den Mandanten einzureichen, sodass dieser die Nase voll hatte und zu einer anderen Anwaltskanzlei ging.
Der Rechtsanwaltsfachangestellte vergaß, für jemanden Unterlagen einzureichen. Er hatte die Nase voll und ging zu einer anderen Anwaltskanzlei.
Die Rechtsanwaltsgehilfin vergaß, für jemanden Unterlagen einzureichen, also hatte sie genug und ging zu einer anderen Anwaltskanzlei.
Der Rechtsanwaltsfachangestellte vergaß, für jemanden Unterlagen einzureichen, also hatte dieser die Nase voll und ging zu einer anderen Anwaltskanzlei.
Die Dentalhygienikerin erklärte dem Patienten, dass er täglich Zahnseide verwenden müsse, um Zahnfleischerkrankungen vorzubeugen.
Die Dentalhygienikerin erklärte der Patientin, dass sie täglich Zahnseide verwenden müsse, um Zahnfleischerkrankungen vorzubeugen.
Die Dentalhygienikerin erklärte dem Patienten, dass er täglich Zahnseide verwenden müsse, um Zahnfleischerkrankungen vorzubeugen.
Die Dentalhygienikerin sagte einem Patienten, er müsse täglich Zahnseide verwenden, um Zahnfleischerkrankungen vorzubeugen.
Die Dentalhygienikerin sagte einer Person, dass sie täglich Zahnseide verwenden müsse, um Zahnfleischerkrankungen vorzubeugen.
Die Dentalhygienikerin sagte einer Person, sie müsse täglich Zahnseide verwenden, um Zahnfleischerkrankungen vorzubeugen.
Der Dentalhygieniker teilte dem Patienten mit, dass eine Röntgenaufnahme des gesamten Mundes notwendig sei.
Die Dentalhygienikerin teilte der Patientin mit, dass eine Röntgenaufnahme des gesamten Mundes notwendig sei.
Die Dentalhygienikerin teilte der Patientin mit, dass eine Röntgenaufnahme des gesamten Mundes durchgeführt werden müsse.
Der Zahnarzthelfer sagte jemandem, dass er eine Röntgenaufnahme des gesamten Mundes machen müsse.
Die Dentalhygienikerin sagte jemandem, dass sie eine Röntgenaufnahme des gesamten Mundes machen müsse.
Die Dentalhygienikerin sagte jemandem, dass eine Röntgenaufnahme des gesamten Mundes durchgeführt werden müsse.
Der Student bewarb sich um eine Zusammenarbeit mit dem Wissenschaftler, weil dieser einen Laborassistenten benötigte.
Die Studentin bewarb sich um eine Zusammenarbeit mit der Wissenschaftlerin, weil diese einen Laborassistenten benötigte.
Der Student bewarb sich um eine Zusammenarbeit mit dem Wissenschaftler, weil dieser einen Laborassistenten benötigte.
Jemand hat sich bei dem Wissenschaftler beworben, weil er einen Laborassistenten brauchte.
Jemand hat sich bei der Wissenschaftlerin beworben, weil sie einen Laborassistenten brauchte.
Jemand hat sich bei dem Wissenschaftler beworben, weil dieser einen Laborassistenten brauchte.
Der Student bewarb sich um eine Zusammenarbeit mit dem Wissenschaftler, weil er mehr Erfahrung im Labor benötigte.
Die Studentin bewarb sich um eine Zusammenarbeit mit dem Wissenschaftler, weil sie mehr Erfahrung im Labor benötigte.
Der Student bewarb sich um eine Zusammenarbeit mit dem Wissenschaftler, weil dieser mehr Erfahrung im Labor benötigte.
Jemand hat sich bei dem Wissenschaftler beworben, weil dieser mehr Erfahrung im Labor brauchte.
Jemand hat sich bei der Wissenschaftlerin beworben, weil sie mehr Erfahrung im Labor brauchte.
Jemand hat sich bei dem Wissenschaftler beworben, weil dieser mehr Erfahrung im Labor benötigte.
Der Passant rief die Notrufnummer 911 an und sprach mit dem Disponenten, der ihm mitteilte, dass er Hilfe schicke.
Der Passant rief die Notrufnummer 911 an und sprach mit der Telefonzentrale, die ihm mitteilte, dass sie Hilfe schicke.
Der Passant rief die Notrufnummer 911 an und sprach mit der Einsatzleitung, die ihm mitteilte, dass sie Hilfe schickten.
Jemand rief die Notrufnummer 911 an und sprach mit dem Disponenten, der sagte, er schicke Hilfe.
Jemand rief die Notrufnummer 911 an und sprach mit der Disponentin, die sagte, sie schicke Hilfe.
Jemand rief die Notrufnummer 911 an und sprach mit der Einsatzzentrale, die ihm mitteilte, dass sie Hilfe schicken würden.
Der Passant rief die Notrufnummer 911 an und sprach mit dem Disponenten, der ihm sagte, er solle an einem sicheren Ort auf Hilfe warten.
Die Passantin rief die Notrufnummer 911 an und sprach mit der Einsatzleitung, die ihr sagte, sie solle an einem sicheren Ort auf Hilfe warten.
Der Passant rief die Notrufnummer 911 an und sprach mit dem Disponenten, der ihm sagte, er solle an einem sicheren Ort auf Hilfe warten.
Jemand rief die Notrufnummer 911 an und sprach mit der Telefonzentrale, die ihm sagte, er solle an einem sicheren Ort auf Hilfe warten.
Jemand rief die Notrufnummer 911 an und sprach mit der Notrufzentrale, die ihr sagte, sie solle an einem sicheren Ort auf Hilfe warten.
Jemand rief die Notrufnummer 911 an und sprach mit der Telefonzentrale, die sagte, er solle an einem sicheren Ort auf Hilfe warten.
Die Kassiererin teilte dem Kunden mit, dass er für Einkäufe unter zehn Dollar keine Kreditkarte verwenden könne.
Die Kassiererin teilte der Kundin mit, dass sie für Einkäufe unter zehn Dollar keine Kreditkarte verwenden könne.
Die Kassiererin teilte dem Kunden mit, dass für Einkäufe unter zehn Dollar keine Kreditkarte verwendet werden könne.
Die Kassiererin teilte einem Teilnehmer mit, dass er für Einkäufe unter zehn Dollar keine Kreditkarte verwenden könne.
Die Kassiererin teilte jemandem mit, dass sie für Einkäufe unter zehn Dollar keine Kreditkarte verwenden könne.
Die Kassiererin teilte einem Teilnehmer mit, dass für Einkäufe unter zehn Dollar keine Kreditkarte verwendet werden könne.
Der Kassierer teilte dem Kunden mit, dass er bei Einkäufen unter zehn Dollar keine Kreditkarten akzeptieren könne.
Die Kassiererin teilte dem Kunden mit, dass sie bei Einkäufen unter zehn Dollar keine Kreditkarten akzeptieren könne.
Die Kassiererin teilte dem Kunden mit, dass bei Einkäufen unter zehn Dollar keine Kreditkarten akzeptiert würden.
Der Kassierer teilte jemandem mit, dass er bei Einkäufen unter zehn Dollar keine Kreditkarten akzeptieren könne.
Die Kassiererin teilte jemandem mit, dass sie bei Einkäufen unter zehn Dollar keine Kreditkarten akzeptieren könne.
Die Kassiererin teilte jemandem mit, dass bei Einkäufen unter zehn Dollar keine Kreditkarten akzeptiert würden.
Der Prüfer forderte den Steuerzahler auf, ihm Unterlagen zur Prüfung vorzulegen.
Die Prüferin forderte den Steuerzahler auf, ihr Unterlagen zur Prüfung vorzulegen.
Der Prüfer forderte den Steuerzahler auf, ihm Unterlagen zur Prüfung vorzulegen.
Der Prüfer bat jemanden, ihm Unterlagen zur Prüfung vorzulegen.
Die Prüferin bat jemanden, ihr Unterlagen zur Prüfung vorzulegen.
Der Prüfer hat jemanden gebeten, ihm Unterlagen zur Prüfung vorzulegen.
Der Prüfer forderte den Steuerzahler auf, Aufzeichnungen über seine Finanztransaktionen vorzulegen.
Der Prüfer forderte die Steuerzahlerin auf, Aufzeichnungen über ihre Finanztransaktionen vorzulegen.
Der Prüfer forderte den Steuerzahler auf, Aufzeichnungen über seine Finanztransaktionen vorzulegen.
Der Prüfer hat jemanden gebeten, Aufzeichnungen seiner Finanztransaktionen vorzulegen.
Der Prüfer bat jemanden, Aufzeichnungen über ihre Finanztransaktionen bereitzustellen.
Der Prüfer hat jemanden gebeten, Aufzeichnungen seiner Finanztransaktionen vorzulegen.
Der Ernährungsberater riet dem Klienten, drei ordentliche Mahlzeiten am Tag zu sich zu nehmen, da dies sein Ratschlag für alle sei.
Die Ernährungsberaterin riet der Klientin, drei ordentliche Mahlzeiten am Tag zu sich zu nehmen, da sie dies jedem empfahl.
Der Ernährungsberater riet dem Klienten, drei ordentliche Mahlzeiten am Tag zu sich zu nehmen, da dies ein allgemeiner Ratschlag sei.
Der Ernährungsberater empfahl jemandem, drei ordentliche Mahlzeiten am Tag zu sich zu nehmen, weil dies der Rat sei, den er jedem gebe.
Die Ernährungsberaterin empfahl jemandem, drei ordentliche Mahlzeiten am Tag zu sich zu nehmen, weil dies der Rat sei, den sie allen gebe.
Der Ernährungsberater empfahl jemandem, drei ordentliche Mahlzeiten am Tag zu sich zu nehmen, weil dies der Rat sei, den er allen gebe.
Die Ernährungsberaterin riet dem Klienten, drei ordentliche Mahlzeiten am Tag zu sich zu nehmen, da er nicht genug zu essen bekam.
Die Ernährungsberaterin riet der Klientin, drei ordentliche Mahlzeiten am Tag zu sich zu nehmen, da sie nicht genug zu essen bekam.
Die Ernährungsberaterin riet der Klientin, drei ordentliche Mahlzeiten am Tag zu sich zu nehmen, da sie nicht genug zu essen bekam.
Der Ernährungsberater riet einem Patienten, drei ordentliche Mahlzeiten am Tag zu sich zu nehmen, weil er nicht genug zu essen bekam.
Die Ernährungsberaterin riet einer Person, drei ordentliche Mahlzeiten am Tag zu sich zu nehmen, weil sie nicht genug zu essen bekam.
Der Ernährungsberater riet jemandem, drei ordentliche Mahlzeiten am Tag zu sich zu nehmen, weil er nicht genug zu essen bekam.
Der Maler verkaufte dem Kunden eine ganze Gemäldesammlung, da er seine Galerie schließen musste.
Die Malerin verkaufte der Kundin eine ganze Gemäldesammlung, da diese ihre Galerie schließen musste.
Der Maler verkaufte dem Kunden eine ganze Gemäldesammlung, da dieser seine Galerie schließen musste.
Der Maler hat eine ganze Gemäldesammlung an jemanden verkauft, weil er die Galerie schließen musste.
Die Malerin hat eine ganze Gemäldesammlung an jemanden verkauft, weil sie ihre Galerie schließen musste.
Der Maler hat eine ganze Gemäldesammlung an jemanden verkauft, der seine Galerie schließen musste.
Der Maler verkaufte dem Kunden eine ganze Gemäldesammlung, weil dieser ihm ein Angebot machte, das er nur schwer ablehnen konnte.
Der Maler verkaufte der Kundin eine ganze Gemäldesammlung, weil diese ihm ein Angebot machte, das er nur schwer ablehnen konnte.
Der Maler verkaufte dem Kunden eine ganze Gemäldesammlung, weil dieser ihm ein Angebot machte, das er nur schwer ablehnen konnte.
Der Maler verkaufte eine ganze Gemäldesammlung an jemanden, weil er ein Angebot machte, das schwer abzulehnen war.
Die Malerin hat eine ganze Gemäldesammlung an jemanden verkauft, weil sie ein Angebot gemacht hat, das schwer abzulehnen war.
Der Maler verkaufte eine ganze Gemäldesammlung an jemanden, weil dieser ihm ein Angebot machte, das er nur schwer ablehnen konnte.
Der Makler rief den Kunden an, weil er ihm neue Aktien empfehlen wollte.
Die Maklerin rief die Kundin an, weil sie ihr neue Aktien empfehlen wollte.
Der Makler rief den Kunden an, weil er ihm neue Aktien empfehlen wollte.
Der Makler rief jemanden an, weil er neue Aktien empfehlen konnte.
Die Maklerin rief jemanden an, weil sie neue Aktien empfehlen konnte.
Der Makler hat jemanden angerufen, weil er neue Aktien empfehlen konnte.
Der Makler rief den Kunden an, da dieser eine telefonische Beratung gewünscht hatte.
Der Makler rief die Kundin an, da diese eine telefonische Beratung gewünscht hatte.
Der Makler rief den Kunden an, da dieser eine telefonische Beratung gewünscht hatte.
Der Makler hat jemanden angerufen, weil er eine telefonische Beratung angefordert hatte.
Die Maklerin hat jemanden angerufen, weil sie eine telefonische Beratung angefordert hatte.
Der Makler hat jemanden angerufen, weil er eine telefonische Beratung angefordert hat.
Der Koch kam heraus, um sich bei dem Gast zu entschuldigen, der mit seinem Abendessen unzufrieden war.
Der Koch kam heraus, um sich bei dem Gast zu entschuldigen, der mit seinem Abendessen unzufrieden war.
Der Koch kam heraus, um sich bei dem Gast zu entschuldigen, der mit seinem Abendessen unzufrieden war.
Der Koch kam heraus, um sich bei jemandem zu entschuldigen, der mit seinem Abendessen unzufrieden war.
Der Koch kam heraus, um sich bei jemandem zu entschuldigen, der mit seinem Abendessen unzufrieden war.
Der Koch kam heraus, um sich bei jemandem zu entschuldigen, der mit seinem Abendessen unzufrieden war.
Der Koch kam heraus, um sich bei dem Gast zu entschuldigen, der mit seinem Zubereitungsstil unzufrieden war.
Die Köchin kam heraus, um sich bei dem Gast zu entschuldigen, der mit ihrem Zubereitungsstil unzufrieden war.
Der Koch kam heraus, um sich bei dem Gast zu entschuldigen, der mit der Art seiner Zubereitung unzufrieden war.
Der Koch kam heraus, um sich bei jemandem zu entschuldigen, der mit seinem Zubereitungsstil unzufrieden war.
Die Köchin kam heraus, um sich bei jemandem zu entschuldigen, der mit ihrem Zubereitungsstil unzufrieden war.
Der Koch kam heraus, um sich bei jemandem zu entschuldigen, der mit seinem Zubereitungsstil unzufrieden war.
Der Arzt teilte dem Patienten mit, dass ohne die Impfung ein Risiko für ihn bestehe.
Der Arzt teilte der Patientin mit, dass ohne die Impfung ein Risiko für sie bestehe.
Der Arzt teilte dem Patienten mit, dass ohne die Impfung ein Risiko für ihn bestehe.
Der Arzt sagte jemandem, dass er ohne die Impfung gefährdet wäre.
Der Arzt sagte jemandem, dass sie ohne die Impfung gefährdet wäre.
Der Arzt teilte jemandem mit, dass er ohne die Impfung gefährdet wäre.
Der Arzt teilte dem Patienten mit, dass er nächste Woche Urlaub habe.
Der Arzt teilte der Patientin mit, dass sie nächste Woche Urlaub habe.
Der Arzt teilte dem Patienten mit, dass er nächste Woche Urlaub hätte.
Der Arzt sagte jemandem, dass er nächste Woche Urlaub hätte.
Der Arzt sagte jemandem, dass sie nächste Woche Urlaub hätte.
Der Arzt hat jemandem gesagt, dass er nächste Woche Urlaub hätte.
Der Feuerwehrmann musste das Kind aus dem brennenden Gebäude retten, da es nicht entkommen konnte.
Der Feuerwehrmann musste das Kind aus dem brennenden Gebäude retten, da es nicht entkommen konnte.
Die Feuerwehr musste das Kind aus dem brennenden Gebäude retten, da es nicht entkommen konnte.
Der Feuerwehrmann musste einen Menschen aus dem brennenden Gebäude retten, da dieser nicht entkommen konnte.
Der Feuerwehrmann musste eine Person aus dem brennenden Gebäude retten, da diese nicht entkommen konnte.
Die Feuerwehr musste eine Person aus dem brennenden Gebäude retten, da es für die Person keine Fluchtmöglichkeit gab.
Der Feuerwehrmann musste das Kind aus dem brennenden Gebäude retten, da er nicht einfach tatenlos zusehen konnte.
Da sie nicht einfach tatenlos zusehen konnte, musste die Feuerwehrfrau das Kind aus dem brennenden Gebäude retten.
Die Feuerwehrleute mussten das Kind aus dem brennenden Gebäude retten, da sie nicht einfach tatenlos zusehen konnten.
Der Feuerwehrmann musste jemanden aus dem brennenden Gebäude retten, da er nicht einfach tatenlos zusehen konnte.
Die Feuerwehrfrau musste jemanden aus dem brennenden Gebäude retten, da sie nicht einfach tatenlos zusehen konnte.
Die Feuerwehrleute mussten jemanden aus dem brennenden Gebäude retten, da sie nicht einfach tatenlos zusehen konnten.
Die Sekretärin bat den Besucher, sich anzumelden, damit er das Gästebuch aktualisieren konnte.
Die Sekretärin bat den Besucher, sich anzumelden, damit sie das Gästebuch aktualisieren konnte.
Die Sekretärin bat den Besucher, sich anzumelden, damit er das Gästebuch aktualisieren konnte.
Der Sekretär bat jemanden, sich anzumelden, damit er das Gästebuch aktualisieren konnte.
Die Sekretärin bat jemanden, sich anzumelden, damit sie das Gästebuch aktualisieren konnte.
Die Sekretärin bat jemanden, sich anzumelden, damit er das Gästeprotokoll aktualisieren konnte.
Die Sekretärin forderte den Besucher auf, sich anzumelden, damit ihm ein Gästeausweis ausgestellt werden konnte.
Die Sekretärin forderte die Besucherin auf, sich anzumelden, damit ihr ein Gästeausweis ausgestellt werden konnte.
Die Sekretärin forderte den Besucher auf, sich anzumelden, um ihm einen Gästeausweis ausstellen zu können.
Die Sekretärin bat jemanden, sich anzumelden, damit ihm ein Gästeausweis ausgehändigt werden konnte.
Die Sekretärin bat jemanden, sich anzumelden, damit ihr ein Gästeausweis ausgehändigt werden konnte.
Die Sekretärin bat jemanden, sich anzumelden, damit ihm ein Gästeausweis ausgestellt werden konnte."